session_id,predicted_label,prediction,anomaly_score,reconstruction_error
SES-005777,0,Normal,0.05271,0.019836
SES-011603,0,Normal,0.06213,0.023163
SES-005641,0,Normal,0.032998,0.012876
SES-002310,0,Normal,0.043057,0.016428
SES-002283,1,Anomalous,0.150641,0.054415
SES-001685,0,Normal,0.058572,0.021906
SES-000724,0,Normal,0.050534,0.019068
SES-006301,0,Normal,0.109086,0.039742
SES-008862,0,Normal,0.084375,0.031017
SES-011977,0,Normal,0.04117,0.015762
SES-004733,0,Normal,0.05512,0.020687
SES-011477,0,Normal,0.009021,0.00441
SES-009961,0,Normal,0.039437,0.01515
SES-002955,0,Normal,0.069265,0.025682
SES-004532,0,Normal,0.090365,0.033132
SES-000324,0,Normal,0.069118,0.02563
SES-004318,0,Normal,0.069224,0.025667
SES-003867,0,Normal,0.100481,0.036704
SES-009648,0,Normal,0.063899,0.023787
SES-009682,0,Normal,0.066601,0.024741
SES-008896,0,Normal,0.094106,0.034453
SES-000898,0,Normal,0.044271,0.016856
SES-006381,0,Normal,0.100126,0.036579
SES-008558,0,Normal,0.074617,0.027572
SES-012343,0,Normal,0.054399,0.020433
SES-000694,0,Normal,0.026739,0.010666
SES-000716,0,Normal,0.060374,0.022542
SES-009793,0,Normal,0.08688,0.031901
SES-001044,0,Normal,0.093751,0.034328
SES-003589,0,Normal,0.06708,0.02491
SES-008915,0,Normal,0.078023,0.028774
SES-008678,0,Normal,0.086955,0.031928
SES-002754,0,Normal,0.066248,0.024616
SES-002234,0,Normal,0.081079,0.029853
SES-003087,0,Normal,0.118664,0.043124
SES-003320,0,Normal,0.02636,0.010532
SES-002467,0,Normal,0.112659,0.041004
SES-006477,0,Normal,0.102049,0.037258
SES-009540,0,Normal,0.095691,0.035013
SES-005507,0,Normal,0.077164,0.028471
SES-008508,0,Normal,0.086854,0.031892
SES-005307,1,Anomalous,0.132766,0.048104
SES-006885,0,Normal,0.107592,0.039215
SES-006384,0,Normal,0.048364,0.018302
SES-012662,0,Normal,0.090636,0.033228
SES-005874,1,Anomalous,0.129,0.046774
SES-005529,0,Normal,0.059088,0.022088
SES-001962,0,Normal,0.081346,0.029948
SES-012108,0,Normal,0.046341,0.017587
SES-005557,0,Normal,0.098184,0.035893
SES-010713,0,Normal,0.057024,0.02136
SES-003902,0,Normal,0.057911,0.021673
SES-001049,0,Normal,0.103676,0.037832
SES-006976,0,Normal,0.05914,0.022107
SES-000841,0,Normal,0.109758,0.03998
SES-004957,0,Normal,0.096364,0.03525
SES-012182,0,Normal,0.071648,0.026523
SES-000420,0,Normal,0.079372,0.02925
SES-001230,0,Normal,0.093265,0.034156
SES-003266,1,Anomalous,0.12933,0.04689
SES-008864,0,Normal,0.0904,0.033144
SES-007813,0,Normal,0.086853,0.031892
SES-001837,0,Normal,0.065393,0.024315
SES-008381,0,Normal,0.091424,0.033506
SES-003728,0,Normal,0.056479,0.021167
SES-003934,0,Normal,0.04649,0.01764
SES-000137,0,Normal,0.046363,0.017595
SES-007321,0,Normal,0.05636,0.021125
SES-004759,0,Normal,0.113209,0.041198
SES-009329,0,Normal,0.039329,0.015112
SES-006375,0,Normal,0.124782,0.045285
SES-004688,0,Normal,0.00532,0.003103
SES-012932,0,Normal,0.077517,0.028596
SES-003223,1,Anomalous,0.134752,0.048805
SES-007864,0,Normal,0.073616,0.027218
SES-007839,0,Normal,0.039205,0.015068
SES-001472,0,Normal,0.055857,0.020947
SES-006050,0,Normal,0.076013,0.028064
SES-007354,0,Normal,0.073715,0.027253
SES-001143,0,Normal,0.01069,0.004999
SES-001673,0,Normal,0.083336,0.03065
SES-002634,0,Normal,0.0976,0.035687
SES-002175,0,Normal,0.095177,0.034831
SES-001263,0,Normal,0.064194,0.023891
SES-002825,0,Normal,0.109977,0.040057
SES-012450,0,Normal,0.057991,0.021701
SES-006781,0,Normal,0.064533,0.024011
SES-008930,0,Normal,0.007255,0.003786
SES-004809,0,Normal,0.025801,0.010335
SES-008185,1,Anomalous,0.143863,0.052022
SES-007869,0,Normal,0.073999,0.027353
SES-003936,0,Normal,0.058945,0.022038
SES-012168,0,Normal,0.04781,0.018106
SES-003504,0,Normal,0.113696,0.04137
SES-003079,0,Normal,0.036503,0.014114
SES-006725,1,Anomalous,0.125965,0.045702
SES-005609,0,Normal,0.052899,0.019903
SES-002927,0,Normal,0.012052,0.00548
SES-000934,0,Normal,0.036315,0.014047
SES-004643,0,Normal,0.069157,0.025644
SES-012147,0,Normal,0.053659,0.020171
SES-012299,0,Normal,0.055344,0.020766
SES-007760,0,Normal,0.101715,0.03714
SES-010367,0,Normal,0.092059,0.03373
SES-009629,0,Normal,0.094965,0.034756
SES-006280,0,Normal,0.085953,0.031574
SES-005464,0,Normal,0.046957,0.017805
SES-002548,0,Normal,0.044868,0.017067
SES-001036,0,Normal,0.001652,0.001808
SES-007075,0,Normal,0.042595,0.016265
SES-009230,0,Normal,0.096353,0.035247
SES-011999,0,Normal,0.045412,0.01726
SES-000904,0,Normal,0.05465,0.020521
SES-001770,0,Normal,0.055002,0.020646
SES-003162,0,Normal,0.093941,0.034395
SES-003304,1,Anomalous,0.141765,0.051281
SES-007218,0,Normal,0.083629,0.030754
SES-007773,0,Normal,0.076789,0.028339
SES-006696,0,Normal,0.035504,0.013761
SES-002233,0,Normal,0.056895,0.021314
SES-002774,0,Normal,0.076152,0.028114
SES-010283,0,Normal,0.085975,0.031582
SES-000963,0,Normal,0.049815,0.018814
SES-001485,0,Normal,0.065947,0.02451
SES-009558,0,Normal,0.061438,0.022918
SES-012215,0,Normal,0.059741,0.022319
SES-010027,1,Anomalous,0.128824,0.046712
SES-005265,0,Normal,0.065828,0.024468
SES-004730,0,Normal,0.085404,0.031381
SES-000063,0,Normal,0.051372,0.019364
SES-009692,0,Normal,0.066246,0.024616
SES-006016,0,Normal,0.076175,0.028122
SES-004131,0,Normal,0.076643,0.028287
SES-007612,0,Normal,0.011498,0.005284
SES-011638,0,Normal,0.083931,0.03086
SES-009537,0,Normal,0.105112,0.038339
SES-010412,0,Normal,0.053585,0.020145
SES-012603,0,Normal,0.058406,0.021848
SES-006052,0,Normal,0.097206,0.035548
SES-012078,0,Normal,0.069109,0.025627
SES-010836,0,Normal,0.107663,0.03924
SES-011079,0,Normal,0.069464,0.025752
SES-012899,0,Normal,0.060752,0.022676
SES-010598,0,Normal,0.1038,0.037876
SES-003119,0,Normal,0.041558,0.015899
SES-002862,0,Normal,0.10113,0.036933
SES-011017,0,Normal,0.082005,0.03018
SES-012425,0,Normal,0.043707,0.016657
SES-005478,0,Normal,0.036193,0.014004
SES-005054,0,Normal,0.085527,0.031424
SES-008763,0,Normal,0.109184,0.039777
SES-010623,0,Normal,0.011987,0.005457
SES-007288,1,Anomalous,0.173488,0.062482
SES-006835,0,Normal,0.050047,0.018896
SES-008220,1,Anomalous,0.941546,0.33368
SES-002044,0,Normal,0.123465,0.04482
SES-004727,0,Normal,0.068439,0.02539
SES-001203,0,Normal,0.066563,0.024728
SES-006110,1,Anomalous,0.131724,0.047736
SES-012556,0,Normal,0.098927,0.036155
SES-001112,0,Normal,0.048251,0.018262
SES-009155,0,Normal,0.046139,0.017516
SES-011448,0,Normal,0.104487,0.038119
SES-005488,0,Normal,0.077651,0.028643
SES-011129,0,Normal,0.038511,0.014823
SES-003020,0,Normal,0.044818,0.01705
SES-009997,0,Normal,0.093315,0.034174
SES-011826,0,Normal,0.108659,0.039592
SES-006295,0,Normal,0.051519,0.019416
SES-001912,0,Normal,0.048949,0.018508
SES-003181,0,Normal,0.089189,0.032717
SES-009887,0,Normal,0.024565,0.009898
SES-006185,0,Normal,0.086694,0.031836
SES-004076,0,Normal,0.054154,0.020346
SES-003523,1,Anomalous,0.143681,0.051958
SES-000062,0,Normal,0.060554,0.022606
SES-010328,1,Anomalous,0.129811,0.04706
SES-005397,0,Normal,0.067234,0.024965
SES-008751,0,Normal,0.010407,0.004899
SES-002756,0,Normal,0.092166,0.033768
SES-006937,0,Normal,0.082363,0.030307
SES-006366,0,Normal,0.07034,0.026061
SES-011301,1,Anomalous,0.172313,0.062068
SES-010152,0,Normal,0.086696,0.031837
SES-009981,1,Anomalous,0.373725,0.133185
SES-007023,0,Normal,0.071628,0.026516
SES-004831,0,Normal,0.079381,0.029254
SES-011164,0,Normal,0.082743,0.030441
SES-004830,0,Normal,0.036888,0.01425
SES-007909,0,Normal,0.061655,0.022995
SES-012345,0,Normal,0.024316,0.00981
SES-004566,0,Normal,0.077702,0.028661
SES-007245,0,Normal,0.081497,0.030001
SES-007524,0,Normal,0.020501,0.008464
SES-003644,0,Normal,0.054431,0.020444
SES-002938,0,Normal,0.085704,0.031486
SES-002212,0,Normal,0.066699,0.024776
SES-000100,0,Normal,0.069072,0.025614
SES-004878,0,Normal,0.032239,0.012608
SES-006473,0,Normal,0.044798,0.017043
SES-012050,0,Normal,0.047048,0.017837
SES-001164,0,Normal,0.058009,0.021707
SES-007672,0,Normal,0.090995,0.033355
SES-004915,0,Normal,0.082964,0.030519
SES-001016,0,Normal,0.10042,0.036683
SES-012544,0,Normal,0.086188,0.031657
SES-012364,0,Normal,0.096697,0.035368
SES-006552,0,Normal,0.083118,0.030573
SES-010309,0,Normal,0.115992,0.042181
SES-011720,0,Normal,0.087404,0.032087
SES-011967,0,Normal,0.06176,0.023032
SES-006516,0,Normal,0.063351,0.023594
SES-001423,0,Normal,0.047683,0.018061
SES-011604,0,Normal,0.084465,0.031049
SES-010360,0,Normal,0.117585,0.042743
SES-006579,1,Anomalous,0.143052,0.051736
SES-006167,0,Normal,0.059522,0.022242
SES-012281,0,Normal,0.050026,0.018888
SES-001091,0,Normal,0.060222,0.022489
SES-000795,0,Normal,0.061235,0.022846
SES-011565,0,Normal,0.059945,0.022391
SES-005407,0,Normal,0.055779,0.02092
SES-007739,0,Normal,0.090715,0.033256
SES-008548,0,Normal,0.071755,0.026561
SES-006672,0,Normal,0.079901,0.029437
SES-002791,0,Normal,0.071714,0.026546
SES-012138,0,Normal,0.081768,0.030097
SES-010245,0,Normal,0.054615,0.020509
SES-002231,0,Normal,0.0899,0.032968
SES-008851,0,Normal,0.053168,0.019998
SES-009930,0,Normal,0.074263,0.027446
SES-000454,0,Normal,0.075766,0.027977
SES-003669,0,Normal,0.004144,0.002688
SES-005269,0,Normal,0.07586,0.02801
SES-008477,0,Normal,0.077293,0.028517
SES-005264,1,Anomalous,0.132609,0.048048
SES-007175,0,Normal,0.096679,0.035362
SES-010744,0,Normal,0.042368,0.016185
SES-011235,0,Normal,0.096555,0.035318
SES-008035,0,Normal,0.074369,0.027484
SES-006692,0,Normal,0.081357,0.029951
SES-008387,0,Normal,0.038854,0.014944
SES-005935,0,Normal,0.105834,0.038594
SES-000721,0,Normal,0.044106,0.016798
SES-002773,0,Normal,0.095951,0.035105
SES-009437,1,Anomalous,0.234186,0.083915
SES-008322,0,Normal,0.089193,0.032718
SES-000307,0,Normal,0.045133,0.017161
SES-003808,0,Normal,0.074465,0.027518
SES-007824,0,Normal,0.123326,0.04477
SES-006133,0,Normal,0.077225,0.028492
SES-011901,0,Normal,0.007839,0.003993
SES-008892,0,Normal,0.09743,0.035627
SES-004564,0,Normal,0.043095,0.016441
SES-007370,0,Normal,0.083203,0.030603
SES-007826,0,Normal,0.059194,0.022126
SES-001572,0,Normal,0.110093,0.040098
SES-006815,0,Normal,0.076333,0.028177
SES-012815,0,Normal,0.062176,0.023179
SES-008766,0,Normal,0.108263,0.039452
SES-012917,0,Normal,0.096211,0.035196
SES-004943,0,Normal,0.085658,0.03147
SES-009769,0,Normal,0.052067,0.019609
SES-012055,0,Normal,0.049754,0.018793
SES-003368,0,Normal,0.07995,0.029455
SES-005658,0,Normal,0.074202,0.027425
SES-010658,0,Normal,0.088089,0.032328
SES-000288,0,Normal,0.113182,0.041189
SES-004524,0,Normal,0.061545,0.022956
SES-001973,0,Normal,0.089409,0.032795
SES-003787,0,Normal,0.113014,0.041129
SES-008231,0,Normal,0.033377,0.01301
SES-003624,0,Normal,0.011163,0.005166
SES-005918,0,Normal,0.046477,0.017635
SES-012250,0,Normal,0.073593,0.02721
SES-007617,0,Normal,0.077064,0.028436
SES-003399,0,Normal,0.066159,0.024585
SES-000848,0,Normal,0.066857,0.024832
SES-008202,0,Normal,0.109984,0.040059
SES-000168,0,Normal,0.065176,0.024238
SES-009049,1,Anomalous,0.126644,0.045942
SES-002652,0,Normal,0.093416,0.03421
SES-001918,0,Normal,0.042155,0.016109
SES-008445,0,Normal,0.026466,0.01057
SES-007213,0,Normal,0.07842,0.028914
SES-009240,0,Normal,0.123985,0.045003
SES-005886,1,Anomalous,0.166944,0.060172
SES-011756,0,Normal,0.05013,0.018925
SES-012290,0,Normal,0.073339,0.02712
SES-007541,0,Normal,0.11798,0.042883
SES-008380,1,Anomalous,0.129127,0.046819
SES-003522,0,Normal,0.031088,0.012202
SES-000086,0,Normal,0.056459,0.02116
SES-008944,0,Normal,0.001499,0.001754
SES-000275,0,Normal,0.080842,0.02977
SES-009215,0,Normal,0.087854,0.032245
SES-001281,0,Normal,0.04919,0.018593
SES-007894,0,Normal,0.060789,0.022689
SES-010215,0,Normal,0.100828,0.036826
SES-011207,0,Normal,0.07437,0.027484
SES-005686,0,Normal,0.057246,0.021438
SES-009967,0,Normal,0.034198,0.0133
SES-007036,0,Normal,0.001741,0.001839
SES-010592,0,Normal,0.101962,0.037227
SES-005585,0,Normal,0.125299,0.045467
SES-005779,0,Normal,0.071361,0.026422
SES-000691,0,Normal,0.095345,0.034891
SES-006393,0,Normal,0.056488,0.02117
SES-000797,0,Normal,0.097381,0.03561
SES-006640,0,Normal,0.06024,0.022495
SES-001814,0,Normal,0.058902,0.022023
SES-002104,1,Anomalous,0.171636,0.061829
SES-012112,0,Normal,0.077575,0.028616
SES-005260,0,Normal,0.038797,0.014924
SES-003339,0,Normal,0.051435,0.019386
SES-000249,0,Normal,0.036066,0.013959
SES-002083,0,Normal,0.10427,0.038042
SES-003027,0,Normal,0.086405,0.031734
SES-007803,0,Normal,0.031889,0.012485
SES-002064,0,Normal,0.087737,0.032204
SES-002028,1,Anomalous,0.204093,0.073289
SES-005072,0,Normal,0.070509,0.026121
SES-002766,1,Anomalous,0.140345,0.05078
SES-002211,0,Normal,0.071288,0.026396
SES-007390,0,Normal,0.104756,0.038214
SES-006915,0,Normal,0.028691,0.011355
SES-008694,0,Normal,0.043813,0.016695
SES-008214,0,Normal,0.070504,0.026119
SES-012637,0,Normal,0.091035,0.033369
SES-005353,0,Normal,0.067255,0.024972
SES-004401,0,Normal,0.026376,0.010538
SES-006113,0,Normal,0.069531,0.025776
SES-012952,0,Normal,0.120302,0.043703
SES-012348,0,Normal,0.10033,0.036651
SES-004009,0,Normal,0.080673,0.02971
SES-003742,0,Normal,0.056922,0.021324
SES-012989,0,Normal,0.090143,0.033054
SES-012093,0,Normal,0.053521,0.020123
SES-002526,0,Normal,0.099055,0.0362
SES-007101,0,Normal,0.120836,0.043891
SES-001663,0,Normal,0.058866,0.02201
SES-006225,0,Normal,0.079136,0.029167
SES-011622,0,Normal,0.093511,0.034243
SES-010652,0,Normal,0.07995,0.029455
SES-001753,0,Normal,0.06221,0.023191
SES-006086,0,Normal,0.05874,0.021966
SES-000390,1,Anomalous,0.41966,0.149405
SES-007737,0,Normal,0.0433,0.016514
SES-012106,0,Normal,0.067458,0.025044
SES-011487,0,Normal,0.086108,0.031629
SES-006396,0,Normal,0.055018,0.020651
SES-004932,0,Normal,0.074342,0.027475
SES-010131,0,Normal,0.106926,0.03898
SES-001321,0,Normal,0.046544,0.017659
SES-000005,0,Normal,0.00277,0.002203
SES-005308,0,Normal,0.038092,0.014675
SES-004848,0,Normal,0.122673,0.04454
SES-007194,0,Normal,0.108805,0.039643
SES-001838,0,Normal,0.052201,0.019657
SES-006042,0,Normal,0.068808,0.02552
SES-001434,1,Anomalous,0.133828,0.048479
SES-001389,0,Normal,0.082583,0.030384
SES-009841,0,Normal,0.088036,0.03231
SES-010517,0,Normal,0.081359,0.029952
SES-000088,0,Normal,0.095156,0.034824
SES-012730,0,Normal,0.075276,0.027804
SES-005194,0,Normal,0.03128,0.012269
SES-008332,0,Normal,0.093876,0.034372
SES-011663,0,Normal,0.11482,0.041767
SES-001667,0,Normal,0.069371,0.025719
SES-009553,0,Normal,0.094048,0.034433
SES-008221,0,Normal,0.076899,0.028377
SES-009509,0,Normal,0.009866,0.004708
SES-002900,0,Normal,0.102567,0.037441
SES-006785,0,Normal,0.069206,0.025661
SES-001767,0,Normal,0.086102,0.031627
SES-002103,0,Normal,0.120608,0.043811
SES-012063,0,Normal,0.065796,0.024457
SES-001138,0,Normal,0.05064,0.019105
SES-005638,0,Normal,0.07237,0.026778
SES-007898,0,Normal,0.06409,0.023854
SES-004172,0,Normal,0.087716,0.032197
SES-004750,0,Normal,0.054524,0.020477
SES-012686,0,Normal,0.07873,0.029024
SES-003661,0,Normal,0.05295,0.019921
SES-008391,0,Normal,0.082531,0.030366
SES-003904,0,Normal,0.081162,0.029882
SES-005479,0,Normal,0.078369,0.028896
SES-012826,0,Normal,0.104141,0.037996
SES-009762,0,Normal,0.069979,0.025934
SES-012661,0,Normal,0.078061,0.028788
SES-010063,0,Normal,0.009729,0.00466
SES-008007,0,Normal,0.076319,0.028173
SES-001701,0,Normal,0.074384,0.027489
SES-012204,1,Anomalous,0.134956,0.048877
SES-006438,0,Normal,0.096397,0.035262
SES-004760,0,Normal,0.115277,0.041928
SES-007980,1,Anomalous,0.134999,0.048892
SES-002558,0,Normal,0.076834,0.028354
SES-000936,0,Normal,0.070167,0.026
SES-005004,0,Normal,0.057325,0.021466
SES-009156,0,Normal,0.075383,0.027842
SES-005183,0,Normal,0.065259,0.024267
SES-011542,0,Normal,0.073526,0.027186
SES-001300,0,Normal,0.077783,0.028689
SES-001782,1,Anomalous,0.139367,0.050435
SES-009248,0,Normal,0.08177,0.030097
SES-007010,0,Normal,0.087412,0.03209
SES-012077,0,Normal,0.101103,0.036924
SES-006726,0,Normal,0.055734,0.020904
SES-002263,0,Normal,0.042017,0.016061
SES-010768,0,Normal,0.074533,0.027542
SES-007270,1,Anomalous,0.128653,0.046651
SES-001888,0,Normal,0.078854,0.029068
SES-012448,0,Normal,0.059975,0.022402
SES-006267,0,Normal,0.046553,0.017662
SES-002648,0,Normal,0.062077,0.023144
SES-011796,0,Normal,0.082125,0.030223
SES-000547,0,Normal,0.096933,0.035451
SES-004472,0,Normal,0.124058,0.045029
SES-000614,1,Anomalous,0.969385,0.343509
SES-011441,0,Normal,0.005709,0.003241
SES-002718,0,Normal,0.071578,0.026499
SES-007564,0,Normal,0.064817,0.024111
SES-008225,0,Normal,0.106963,0.038993
SES-011143,0,Normal,0.043874,0.016716
SES-009576,0,Normal,0.046767,0.017738
SES-007159,1,Anomalous,0.141129,0.051057
SES-002019,0,Normal,0.074808,0.027639
SES-004357,0,Normal,0.085173,0.031299
SES-010782,0,Normal,0.033687,0.013119
SES-006855,0,Normal,0.067302,0.024989
SES-007099,0,Normal,0.056369,0.021128
SES-007754,0,Normal,0.081554,0.030021
SES-008806,0,Normal,0.074641,0.02758
SES-006211,0,Normal,0.084928,0.031212
SES-005913,0,Normal,0.122424,0.044452
SES-007715,0,Normal,0.061778,0.023038
SES-010754,0,Normal,0.100457,0.036696
SES-006708,0,Normal,0.096163,0.035179
SES-012586,0,Normal,0.09449,0.034589
SES-003121,0,Normal,0.08661,0.031806
SES-000234,0,Normal,0.0794,0.02926
SES-009360,0,Normal,0.104726,0.038203
SES-007712,0,Normal,0.009555,0.004599
SES-003431,0,Normal,0.076861,0.028364
SES-011674,0,Normal,0.113734,0.041384
SES-010135,0,Normal,0.087429,0.032095
SES-007476,0,Normal,0.106484,0.038824
SES-003984,0,Normal,0.080937,0.029803
SES-001232,0,Normal,0.059631,0.02228
SES-011541,1,Anomalous,0.168375,0.060677
SES-012270,0,Normal,0.073148,0.027053
SES-003141,1,Anomalous,0.144162,0.052128
SES-008070,0,Normal,0.078785,0.029043
SES-010907,0,Normal,0.105574,0.038502
SES-000832,0,Normal,0.05861,0.021919
SES-005037,0,Normal,0.12134,0.044069
SES-002589,0,Normal,0.072092,0.02668
SES-011641,0,Normal,0.06758,0.025087
SES-000867,0,Normal,0.066345,0.024651
SES-006246,0,Normal,0.041126,0.015746
SES-004647,0,Normal,0.077334,0.028531
SES-010759,0,Normal,0.118006,0.042892
SES-012473,0,Normal,0.081493,0.029999
SES-004303,0,Normal,0.070248,0.026029
SES-010662,0,Normal,0.067683,0.025123
SES-010849,0,Normal,0.088557,0.032494
SES-012567,0,Normal,0.048317,0.018285
SES-008306,0,Normal,0.078167,0.028825
SES-001798,1,Anomalous,0.129172,0.046835
SES-001160,0,Normal,0.068017,0.025241
SES-003864,1,Anomalous,0.133205,0.048259
SES-010959,1,Anomalous,0.40773,0.145192
SES-011854,0,Normal,0.078604,0.028979
SES-000876,0,Normal,0.090818,0.033292
SES-007277,0,Normal,0.113968,0.041466
SES-000333,0,Normal,0.099979,0.036527
SES-005949,0,Normal,0.006214,0.003419
SES-005186,0,Normal,0.110663,0.040299
SES-011299,0,Normal,0.06835,0.025359
SES-012720,0,Normal,0.060462,0.022573
SES-002776,0,Normal,0.042607,0.016269
SES-010252,0,Normal,0.117255,0.042627
SES-004162,0,Normal,0.111259,0.04051
SES-002258,0,Normal,0.081915,0.030149
SES-010854,0,Normal,0.047448,0.017978
SES-012067,0,Normal,0.069798,0.02587
SES-009303,0,Normal,0.096436,0.035276
SES-004577,0,Normal,0.068679,0.025475
SES-002895,1,Anomalous,0.203151,0.072956
SES-006928,0,Normal,0.040036,0.015361
SES-001079,0,Normal,0.119525,0.043429
SES-002078,0,Normal,0.086892,0.031906
SES-008478,0,Normal,0.049841,0.018823
SES-009729,0,Normal,0.102626,0.037461
SES-006195,0,Normal,0.011157,0.005164
SES-005896,0,Normal,0.002009,0.001934
SES-008734,0,Normal,0.093237,0.034146
SES-009371,0,Normal,0.100356,0.03666
SES-009951,0,Normal,0.055009,0.020648
SES-007315,0,Normal,0.08066,0.029705
SES-006135,0,Normal,0.060808,0.022696
SES-006839,0,Normal,0.037868,0.014596
SES-011028,1,Anomalous,0.132875,0.048142
SES-012339,1,Anomalous,0.127276,0.046165
SES-003885,0,Normal,0.043688,0.016651
SES-006433,0,Normal,0.056166,0.021057
SES-008488,0,Normal,0.087897,0.032261
SES-008308,0,Normal,0.086682,0.031832
SES-009308,0,Normal,0.063973,0.023813
SES-011186,0,Normal,0.016042,0.006889
SES-002389,0,Normal,0.079661,0.029353
SES-008934,0,Normal,0.010786,0.005033
SES-004139,0,Normal,0.101869,0.037194
SES-010158,0,Normal,0.027841,0.011055
SES-004434,0,Normal,0.070612,0.026157
SES-001789,0,Normal,0.020006,0.008289
SES-012570,1,Anomalous,0.144917,0.052394
SES-011042,0,Normal,0.109883,0.040024
SES-006662,0,Normal,0.088993,0.032648
SES-009920,0,Normal,0.090266,0.033097
SES-006949,1,Anomalous,0.128177,0.046483
SES-000361,0,Normal,0.078437,0.02892
SES-009523,0,Normal,0.004524,0.002822
SES-007190,0,Normal,0.054444,0.020449
SES-006392,0,Normal,0.121713,0.044201
SES-003291,0,Normal,0.047025,0.017829
SES-001351,1,Anomalous,0.43115,0.153461
SES-012298,0,Normal,0.089083,0.032679
SES-009794,0,Normal,0.057052,0.021369
SES-012997,0,Normal,0.091118,0.033398
SES-002982,0,Normal,0.085269,0.031333
SES-011458,1,Anomalous,0.128689,0.046664
SES-007853,1,Anomalous,0.32609,0.116365
SES-004729,1,Anomalous,0.718898,0.255064
SES-001111,0,Normal,0.088158,0.032353
SES-012950,0,Normal,0.103656,0.037825
SES-003186,1,Anomalous,0.140278,0.050756
SES-001914,0,Normal,0.04985,0.018826
SES-012213,0,Normal,0.010834,0.00505
SES-002818,0,Normal,0.077079,0.028441
SES-006512,0,Normal,0.090118,0.033045
SES-010952,0,Normal,0.039903,0.015314
SES-009125,0,Normal,0.099524,0.036366
SES-012230,0,Normal,0.083128,0.030577
SES-012528,0,Normal,0.098672,0.036065
SES-002688,0,Normal,0.067294,0.024986
SES-008910,0,Normal,0.101957,0.037225
SES-003666,0,Normal,0.112734,0.04103
SES-011921,0,Normal,0.087875,0.032253
SES-012578,0,Normal,0.088018,0.032303
SES-010585,0,Normal,0.110919,0.04039
SES-000211,0,Normal,0.081312,0.029935
SES-003646,0,Normal,0.096398,0.035262
SES-011462,0,Normal,0.123254,0.044745
SES-005608,0,Normal,0.064801,0.024105
SES-006149,0,Normal,0.07981,0.029405
SES-007223,1,Anomalous,0.152775,0.055169
SES-002134,0,Normal,0.025977,0.010397
SES-000109,0,Normal,0.069751,0.025853
SES-010663,0,Normal,0.123309,0.044764
SES-001083,0,Normal,0.058365,0.021833
SES-008132,0,Normal,0.078942,0.029099
SES-008344,0,Normal,0.101772,0.03716
SES-007248,0,Normal,0.107934,0.039336
SES-000906,0,Normal,0.05931,0.022167
SES-012737,0,Normal,0.088755,0.032563
SES-003338,0,Normal,0.054372,0.020423
SES-004659,0,Normal,0.07203,0.026658
SES-001405,1,Anomalous,0.146107,0.052814
SES-012953,0,Normal,0.06127,0.022859
SES-003667,0,Normal,0.073211,0.027075
SES-011428,0,Normal,0.042937,0.016386
SES-009711,0,Normal,0.076831,0.028353
SES-005358,0,Normal,0.122177,0.044365
SES-007865,0,Normal,0.059738,0.022318
SES-005556,0,Normal,0.059243,0.022143
SES-003995,0,Normal,0.099751,0.036446
SES-009725,0,Normal,0.090764,0.033273
SES-002357,0,Normal,0.120218,0.043673
SES-008832,0,Normal,0.004693,0.002882
SES-004257,0,Normal,0.051107,0.01927
SES-000858,0,Normal,0.057615,0.021568
SES-011804,0,Normal,0.004003,0.002638
SES-006575,0,Normal,0.043032,0.016419
SES-002293,0,Normal,0.057909,0.021672
SES-002232,0,Normal,0.060244,0.022496
SES-008700,0,Normal,0.074764,0.027624
SES-008606,1,Anomalous,0.387509,0.138052
SES-003009,0,Normal,0.023181,0.00941
SES-007247,0,Normal,0.066947,0.024863
SES-004583,0,Normal,0.079271,0.029215
SES-000592,0,Normal,0.042937,0.016386
SES-005031,0,Normal,0.054819,0.020581
SES-011041,0,Normal,0.086112,0.03163
SES-006106,0,Normal,0.098848,0.036127
SES-012336,0,Normal,0.068254,0.025325
SES-007738,0,Normal,0.056231,0.021079
SES-006551,1,Anomalous,0.253382,0.090693
SES-007727,0,Normal,0.032906,0.012844
SES-012835,0,Normal,0.062572,0.023319
SES-009872,0,Normal,0.117012,0.042541
SES-005014,0,Normal,0.07862,0.028985
SES-005693,0,Normal,0.097834,0.035769
SES-011381,0,Normal,0.078213,0.028841
SES-009149,0,Normal,0.061303,0.02287
SES-008849,0,Normal,0.067459,0.025044
SES-005447,0,Normal,0.058986,0.022052
SES-010871,0,Normal,0.075556,0.027903
SES-009969,0,Normal,0.045902,0.017432
SES-009444,1,Anomalous,0.324139,0.115676
SES-006676,0,Normal,0.070219,0.026019
SES-011287,0,Normal,0.100867,0.03684
SES-007477,0,Normal,0.090334,0.033121
SES-008453,0,Normal,0.069515,0.02577
SES-001916,0,Normal,0.040988,0.015697
SES-004061,0,Normal,0.068965,0.025576
SES-011352,0,Normal,0.057435,0.021505
SES-012380,0,Normal,0.120765,0.043866
SES-010334,0,Normal,0.03938,0.015129
SES-001012,0,Normal,0.063303,0.023577
SES-008875,0,Normal,0.035069,0.013607
SES-008854,0,Normal,0.079897,0.029436
SES-000083,0,Normal,0.068706,0.025484
SES-002456,1,Anomalous,0.13897,0.050294
SES-005566,0,Normal,0.069115,0.025629
SES-002808,0,Normal,0.056424,0.021148
SES-012634,0,Normal,0.024319,0.009812
SES-007637,0,Normal,0.076645,0.028288
SES-012187,0,Normal,0.099437,0.036335
SES-005327,0,Normal,0.069974,0.025932
SES-005757,0,Normal,0.069045,0.025604
SES-009265,0,Normal,0.083664,0.030766
SES-009457,0,Normal,0.067374,0.025014
SES-006020,0,Normal,0.062722,0.023371
SES-001926,0,Normal,0.121044,0.043965
SES-010630,0,Normal,0.023115,0.009387
SES-005632,0,Normal,0.057094,0.021384
SES-009458,0,Normal,0.057283,0.021451
SES-007762,0,Normal,0.085673,0.031475
SES-006306,0,Normal,0.063702,0.023718
SES-000634,0,Normal,0.085683,0.031479
SES-005211,1,Anomalous,0.131523,0.047665
SES-001103,0,Normal,0.076293,0.028164
SES-010126,0,Normal,0.046997,0.017819
SES-009079,0,Normal,0.074338,0.027473
SES-011230,0,Normal,0.05021,0.018954
SES-012423,0,Normal,0.056725,0.021254
SES-012537,0,Normal,0.098154,0.035882
SES-006091,0,Normal,0.071949,0.026629
SES-007436,0,Normal,0.110378,0.040198
SES-003548,0,Normal,0.004014,0.002642
SES-001732,0,Normal,0.076041,0.028074
SES-004481,0,Normal,0.024239,0.009783
SES-004908,0,Normal,0.118413,0.043036
SES-009998,0,Normal,0.035862,0.013887
SES-002176,0,Normal,0.078049,0.028783
SES-010595,0,Normal,0.03571,0.013834
SES-010435,0,Normal,0.05956,0.022255
SES-005302,1,Anomalous,0.125937,0.045692
SES-003231,0,Normal,0.07951,0.029299
SES-000620,0,Normal,0.011488,0.005281
SES-013013,0,Normal,0.11258,0.040976
SES-007116,0,Normal,0.080318,0.029585
SES-006364,0,Normal,0.047895,0.018136
SES-009947,0,Normal,0.069126,0.025633
SES-009035,0,Normal,0.039933,0.015325
SES-007504,0,Normal,0.048513,0.018355
SES-001117,1,Anomalous,0.137709,0.049849
SES-012004,1,Anomalous,0.126239,0.045799
SES-010499,0,Normal,0.070792,0.026221
SES-001511,1,Anomalous,0.639483,0.227023
SES-000138,0,Normal,0.084044,0.0309
SES-005286,0,Normal,0.07662,0.028279
SES-000509,0,Normal,0.06839,0.025373
SES-001844,0,Normal,0.060654,0.022641
SES-001418,0,Normal,0.080287,0.029574
SES-007034,0,Normal,0.048556,0.018369
SES-005753,0,Normal,0.061199,0.022834
SES-006548,0,Normal,0.061335,0.022882
SES-011370,0,Normal,0.026747,0.010669
SES-004330,0,Normal,0.055456,0.020806
SES-009263,0,Normal,0.10896,0.039698
SES-001995,1,Anomalous,0.126044,0.04573
SES-006727,0,Normal,0.106913,0.038975
SES-012871,0,Normal,0.033002,0.012877
SES-008236,0,Normal,0.082611,0.030394
SES-002531,0,Normal,0.066554,0.024725
SES-000456,0,Normal,0.080984,0.02982
SES-004520,0,Normal,0.095032,0.03478
SES-000218,0,Normal,0.0723,0.026753
SES-005270,0,Normal,0.088673,0.032535
SES-010148,0,Normal,0.081998,0.030178
SES-003811,0,Normal,0.054773,0.020565
SES-007538,0,Normal,0.054975,0.020636
SES-007669,0,Normal,0.115794,0.042111
SES-004928,0,Normal,0.055097,0.020679
SES-005487,0,Normal,0.035754,0.013849
SES-001991,0,Normal,0.079965,0.02946
SES-007944,0,Normal,0.028101,0.011147
SES-003422,0,Normal,0.063856,0.023772
SES-011630,0,Normal,0.093664,0.034297
SES-004510,0,Normal,0.062507,0.023296
SES-000427,0,Normal,0.084346,0.031007
SES-005130,0,Normal,0.039043,0.015011
SES-002205,0,Normal,0.057225,0.02143
SES-010324,0,Normal,0.083764,0.030802
SES-008294,0,Normal,0.087457,0.032105
SES-003232,0,Normal,0.100438,0.036689
SES-005155,0,Normal,0.077065,0.028436
SES-010403,0,Normal,0.094898,0.034733
SES-005218,0,Normal,0.076819,0.028349
SES-003457,0,Normal,0.060248,0.022498
SES-011056,0,Normal,0.030657,0.01205
SES-003354,0,Normal,0.103682,0.037834
SES-003678,0,Normal,0.053798,0.02022
SES-001148,0,Normal,0.012078,0.005489
SES-012153,0,Normal,0.056838,0.021294
SES-008338,0,Normal,0.114245,0.041564
SES-010290,0,Normal,0.073185,0.027066
SES-001515,0,Normal,0.095651,0.034999
SES-007692,0,Normal,0.095187,0.034835
SES-002333,0,Normal,0.117912,0.042859
SES-008102,0,Normal,0.107063,0.039028
SES-007364,0,Normal,0.093019,0.034069
SES-008142,0,Normal,0.004383,0.002772
SES-001021,0,Normal,0.079509,0.029299
SES-005813,0,Normal,0.003871,0.002592
SES-009994,0,Normal,0.058746,0.021968
SES-005290,0,Normal,0.066169,0.024589
SES-006931,0,Normal,0.066548,0.024723
SES-001739,0,Normal,0.069866,0.025894
SES-004492,0,Normal,0.053285,0.020039
SES-009317,0,Normal,0.059129,0.022103
SES-002675,0,Normal,0.072831,0.026941
SES-012943,0,Normal,0.085926,0.031565
SES-008083,1,Anomalous,0.131636,0.047705
SES-009068,0,Normal,0.099953,0.036518
SES-007987,0,Normal,0.089788,0.032928
SES-006714,0,Normal,0.03461,0.013445
SES-004070,0,Normal,0.062746,0.02338
SES-003427,0,Normal,0.030032,0.011829
SES-008697,0,Normal,0.124484,0.045179
SES-003943,0,Normal,0.025683,0.010293
SES-011148,0,Normal,0.06747,0.025048
SES-005806,0,Normal,0.00445,0.002796
SES-001075,0,Normal,0.027406,0.010902
SES-005803,0,Normal,0.081307,0.029934
SES-008222,0,Normal,0.01638,0.007008
SES-004251,0,Normal,0.08451,0.031065
SES-003631,0,Normal,0.078027,0.028776
SES-005345,0,Normal,0.049095,0.01856
SES-011208,0,Normal,0.003968,0.002626
SES-008161,1,Anomalous,0.42016,0.149581
SES-012703,0,Normal,0.092293,0.033813
SES-001278,1,Anomalous,0.126107,0.045752
SES-003453,0,Normal,0.092983,0.034057
SES-007725,0,Normal,0.034418,0.013377
SES-009908,0,Normal,0.067304,0.024989
SES-007779,0,Normal,0.003561,0.002482
SES-003069,0,Normal,0.063239,0.023554
SES-007732,0,Normal,0.054022,0.020299
SES-011773,0,Normal,0.012304,0.005569
SES-011830,1,Anomalous,0.129582,0.04698
SES-003819,0,Normal,0.064589,0.024031
SES-002206,0,Normal,0.106861,0.038957
SES-003466,0,Normal,0.117858,0.04284
SES-000256,0,Normal,0.020267,0.008381
SES-012795,0,Normal,0.097847,0.035774
SES-002331,0,Normal,0.047791,0.0181
SES-000631,0,Normal,0.059388,0.022194
SES-007388,0,Normal,0.086528,0.031777
SES-010538,0,Normal,0.063375,0.023602
SES-007903,0,Normal,0.090194,0.033072
SES-004594,1,Anomalous,0.15203,0.054906
SES-006146,0,Normal,0.094006,0.034418
SES-010697,0,Normal,0.079899,0.029437
SES-006741,1,Anomalous,0.139866,0.050611
SES-010199,0,Normal,0.077726,0.028669
SES-012800,0,Normal,0.070649,0.026171
SES-007488,0,Normal,0.108595,0.039569
SES-004854,0,Normal,0.046175,0.017529
SES-011500,0,Normal,0.102822,0.037531
SES-006564,0,Normal,0.071901,0.026613
SES-006935,0,Normal,0.083883,0.030843
SES-009422,0,Normal,0.062877,0.023426
SES-006107,0,Normal,0.073055,0.02702
SES-000905,0,Normal,0.094482,0.034586
SES-008573,0,Normal,0.064575,0.024026
SES-008215,0,Normal,0.081754,0.030092
SES-010249,1,Anomalous,0.148763,0.053752
SES-000069,0,Normal,0.082688,0.030422
SES-004097,0,Normal,0.051486,0.019404
SES-012553,0,Normal,0.046228,0.017548
SES-001956,0,Normal,0.091722,0.033611
SES-006262,1,Anomalous,0.131932,0.047809
SES-003333,0,Normal,0.034989,0.013579
SES-012309,0,Normal,0.101068,0.036911
SES-011926,0,Normal,0.086285,0.031691
SES-004875,0,Normal,0.102397,0.03738
SES-003128,0,Normal,0.115376,0.041964
SES-010905,0,Normal,0.109296,0.039817
SES-000908,0,Normal,0.056094,0.021031
SES-007918,0,Normal,0.060279,0.022509
SES-001545,0,Normal,0.089447,0.032808
SES-001428,0,Normal,0.095495,0.034943
SES-001917,0,Normal,0.061333,0.022881
SES-002401,0,Normal,0.060114,0.022451
SES-002306,0,Normal,0.066549,0.024723
SES-006857,0,Normal,0.043305,0.016516
SES-007784,0,Normal,0.06523,0.024257
SES-002824,0,Normal,0.106172,0.038714
SES-000127,0,Normal,0.085644,0.031465
SES-009874,0,Normal,0.044404,0.016903
SES-007923,0,Normal,0.070353,0.026066
SES-002835,0,Normal,0.104168,0.038006
SES-011985,0,Normal,0.11734,0.042657
SES-003673,0,Normal,0.071085,0.026325
SES-012139,0,Normal,0.043099,0.016443
SES-012673,0,Normal,0.043183,0.016473
SES-012654,0,Normal,0.084685,0.031126
SES-007316,0,Normal,0.064931,0.024152
SES-006869,1,Anomalous,0.1482,0.053553
SES-000146,0,Normal,0.074566,0.027554
SES-005627,0,Normal,0.087423,0.032093
SES-000396,0,Normal,0.060582,0.022616
SES-006114,0,Normal,0.076345,0.028182
SES-009688,0,Normal,0.076456,0.028221
SES-003163,0,Normal,0.053054,0.019958
SES-012512,0,Normal,0.062395,0.023256
SES-011973,0,Normal,0.103948,0.037928
SES-012260,0,Normal,0.006317,0.003455
SES-006502,0,Normal,0.013561,0.006013
SES-003055,0,Normal,0.084254,0.030974
SES-011084,0,Normal,0.120721,0.043851
SES-009228,0,Normal,0.080145,0.029524
SES-011961,0,Normal,0.090761,0.033272
SES-005243,0,Normal,0.007863,0.004001
SES-000373,0,Normal,0.061102,0.022799
SES-008165,0,Normal,0.092096,0.033743
SES-001318,0,Normal,0.076638,0.028285
SES-011131,0,Normal,0.122587,0.044509
SES-003378,0,Normal,0.077667,0.028649
SES-004832,1,Anomalous,0.126602,0.045927
SES-011636,0,Normal,0.094357,0.034542
SES-012395,0,Normal,0.037978,0.014635
SES-009201,0,Normal,0.101849,0.037187
SES-012416,0,Normal,0.101332,0.037005
SES-000785,1,Anomalous,0.169781,0.061174
SES-005160,0,Normal,0.059622,0.022277
SES-010855,0,Normal,0.080845,0.029771
SES-002948,1,Anomalous,0.12972,0.047028
SES-002811,0,Normal,0.086101,0.031626
SES-001402,1,Anomalous,0.321126,0.114613
SES-004871,0,Normal,0.075437,0.027861
SES-003738,0,Normal,0.083154,0.030586
SES-011044,0,Normal,0.074516,0.027536
SES-002628,0,Normal,0.101428,0.037038
SES-000441,0,Normal,0.061137,0.022812
SES-004420,0,Normal,0.039528,0.015182
SES-006482,0,Normal,0.010896,0.005072
SES-000143,0,Normal,0.11943,0.043395
SES-010478,0,Normal,0.026627,0.010627
SES-004293,0,Normal,0.109602,0.039924
SES-005750,0,Normal,0.07273,0.026905
SES-005709,0,Normal,0.036666,0.014171
SES-009698,0,Normal,0.043316,0.016519
SES-000326,0,Normal,0.105861,0.038604
SES-001335,0,Normal,0.058363,0.021832
SES-000105,0,Normal,0.10213,0.037286
SES-005369,0,Normal,0.088004,0.032298
SES-002295,0,Normal,0.095981,0.035115
SES-004165,0,Normal,0.033276,0.012974
SES-011722,0,Normal,0.084238,0.030969
SES-011624,0,Normal,0.090382,0.033138
SES-006320,0,Normal,0.088024,0.032305
SES-000400,0,Normal,0.048851,0.018474
SES-009022,0,Normal,0.105028,0.038309
SES-011713,0,Normal,0.094433,0.034568
SES-001454,0,Normal,0.107107,0.039044
SES-011156,0,Normal,0.066149,0.024582
SES-006774,0,Normal,0.070411,0.026087
SES-005328,0,Normal,0.113217,0.041201
SES-012283,0,Normal,0.073776,0.027275
SES-001836,0,Normal,0.085905,0.031557
SES-008053,0,Normal,0.045655,0.017345
SES-009072,0,Normal,0.0563,0.021104
SES-009857,0,Normal,0.109288,0.039814
SES-004676,0,Normal,0.003417,0.002431
SES-011855,0,Normal,0.030191,0.011885
SES-007570,0,Normal,0.106374,0.038785
SES-000760,1,Anomalous,0.146569,0.052978
SES-007363,0,Normal,0.118494,0.043064
SES-000572,0,Normal,0.03389,0.013191
SES-003166,0,Normal,0.095771,0.035041
SES-005568,0,Normal,0.08904,0.032664
SES-002418,0,Normal,0.098064,0.035851
SES-005629,0,Normal,0.027382,0.010893
SES-009965,0,Normal,0.073245,0.027087
SES-012925,0,Normal,0.075534,0.027895
SES-000006,0,Normal,0.002067,0.001955
SES-002699,0,Normal,0.123529,0.044842
SES-008313,0,Normal,0.068145,0.025286
SES-003433,0,Normal,0.051389,0.01937
SES-007187,0,Normal,0.035321,0.013696
SES-012007,0,Normal,0.056441,0.021154
SES-005920,0,Normal,0.082786,0.030456
SES-001378,0,Normal,0.069131,0.025634
SES-003050,0,Normal,0.03218,0.012587
SES-003201,0,Normal,0.102657,0.037472
SES-004084,0,Normal,0.079323,0.029233
SES-009056,0,Normal,0.071646,0.026523
SES-002577,0,Normal,0.067492,0.025056
SES-004879,0,Normal,0.086528,0.031777
SES-002969,0,Normal,0.067805,0.025166
SES-003030,1,Anomalous,0.293812,0.104968
SES-007112,0,Normal,0.064635,0.024047
SES-004876,0,Normal,0.083185,0.030597
SES-004731,0,Normal,0.07318,0.027064
SES-000903,0,Normal,0.098509,0.036008
SES-006463,0,Normal,0.051274,0.019329
SES-012927,0,Normal,0.091543,0.033548
SES-009843,0,Normal,0.050554,0.019075
SES-008064,0,Normal,0.052404,0.019728
SES-007323,0,Normal,0.046856,0.017769
SES-012102,0,Normal,0.057237,0.021435
SES-001934,0,Normal,0.078879,0.029077
SES-003387,0,Normal,0.029026,0.011474
SES-008904,0,Normal,0.067203,0.024954
SES-003875,0,Normal,0.0394,0.015137
SES-003373,0,Normal,0.035465,0.013747
SES-007921,0,Normal,0.087149,0.031997
SES-005257,0,Normal,0.008833,0.004344
SES-006471,0,Normal,0.111569,0.040619
SES-004018,0,Normal,0.002313,0.002041
SES-003122,0,Normal,0.058417,0.021851
SES-012574,0,Normal,0.088933,0.032627
SES-001362,1,Anomalous,0.307845,0.109923
SES-011924,0,Normal,0.087503,0.032121
SES-003177,0,Normal,0.070733,0.0262
SES-002973,0,Normal,0.062943,0.02345
SES-010757,0,Normal,0.08288,0.030489
SES-012669,0,Normal,0.038596,0.014853
SES-005794,0,Normal,0.085495,0.031412
SES-009032,0,Normal,0.075225,0.027786
SES-008389,0,Normal,0.062483,0.023287
SES-005702,0,Normal,0.115506,0.042009
SES-012329,0,Normal,0.046006,0.017469
SES-011681,0,Normal,0.021471,0.008806
SES-009715,0,Normal,0.058584,0.02191
SES-010751,0,Normal,0.052862,0.01989
SES-002397,0,Normal,0.111419,0.040566
SES-008145,0,Normal,0.064813,0.02411
SES-009782,0,Normal,0.069121,0.025631
SES-012265,0,Normal,0.117455,0.042697
SES-007395,0,Normal,0.092643,0.033936
SES-011493,0,Normal,0.042933,0.016384
SES-003791,0,Normal,0.083047,0.030548
SES-001604,0,Normal,0.066599,0.024741
SES-001524,0,Normal,0.051798,0.019514
SES-005436,0,Normal,0.050269,0.018974
SES-006778,0,Normal,0.0995,0.036358
SES-002168,0,Normal,0.065041,0.02419
SES-004592,0,Normal,0.11893,0.043218
SES-008731,0,Normal,0.109028,0.039722
SES-006874,0,Normal,0.034481,0.0134
SES-008643,0,Normal,0.048434,0.018327
SES-009681,0,Normal,0.098243,0.035914
SES-011128,0,Normal,0.103248,0.037681
SES-000299,0,Normal,0.064727,0.02408
SES-000129,0,Normal,0.059476,0.022225
SES-012750,0,Normal,0.048852,0.018474
SES-010161,0,Normal,0.028355,0.011237
SES-000534,0,Normal,0.064479,0.023992
SES-011867,0,Normal,0.061325,0.022878
SES-007835,0,Normal,0.057723,0.021606
SES-012584,0,Normal,0.045751,0.017379
SES-001755,0,Normal,0.063623,0.02369
SES-011101,0,Normal,0.026288,0.010507
SES-007084,0,Normal,0.0562,0.021068
SES-009284,0,Normal,0.072302,0.026754
SES-004427,0,Normal,0.087338,0.032063
SES-009019,0,Normal,0.079556,0.029315
SES-004882,0,Normal,0.077507,0.028592
SES-009886,0,Normal,0.080725,0.029728
SES-008872,0,Normal,0.087068,0.031968
SES-010624,0,Normal,0.02647,0.010571
SES-002971,0,Normal,0.117076,0.042564
SES-000248,0,Normal,0.042119,0.016097
SES-002954,0,Normal,0.060526,0.022596
SES-002335,0,Normal,0.059273,0.022154
SES-006561,0,Normal,0.102384,0.037376
SES-008707,0,Normal,0.02465,0.009928
SES-006490,0,Normal,0.024263,0.009792
SES-001029,0,Normal,0.044437,0.016915
SES-002386,0,Normal,0.050162,0.018937
SES-011760,1,Anomalous,0.337273,0.120314
SES-012047,0,Normal,0.081246,0.029912
SES-004561,0,Normal,0.087552,0.032139
SES-002966,0,Normal,0.082173,0.03024
SES-010838,0,Normal,0.096843,0.035419
SES-002574,0,Normal,0.117756,0.042804
SES-004880,0,Normal,0.123375,0.044788
SES-004454,0,Normal,0.074902,0.027672
SES-000002,0,Normal,0.001541,0.001769
SES-003940,0,Normal,0.027877,0.011068
SES-009073,0,Normal,0.114065,0.0415
SES-009701,0,Normal,0.065256,0.024266
SES-001886,0,Normal,0.006485,0.003515
SES-001068,0,Normal,0.095131,0.034815
SES-004639,0,Normal,0.100105,0.036571
SES-009939,0,Normal,0.060594,0.02262
SES-006073,0,Normal,0.100318,0.036646
SES-001163,0,Normal,0.005024,0.002999
SES-010263,0,Normal,0.077639,0.028638
SES-008598,0,Normal,0.086005,0.031593
SES-003316,0,Normal,0.071048,0.026312
SES-005138,0,Normal,0.068465,0.025399
SES-001046,0,Normal,0.077629,0.028635
SES-000208,0,Normal,0.067899,0.025199
SES-012702,0,Normal,0.068387,0.025372
SES-011317,0,Normal,0.040718,0.015602
SES-007646,0,Normal,0.082756,0.030445
SES-004176,0,Normal,0.086799,0.031873
SES-008539,0,Normal,0.058965,0.022045
SES-008339,0,Normal,0.001371,0.001709
SES-009539,0,Normal,0.062883,0.023428
SES-010483,0,Normal,0.048179,0.018237
SES-001261,0,Normal,0.107065,0.039029
SES-010571,0,Normal,0.080902,0.029791
SES-011919,0,Normal,0.0,0.001225
SES-008537,0,Normal,0.079392,0.029258
SES-005403,0,Normal,0.087016,0.03195
SES-000748,0,Normal,0.103605,0.037807
SES-012216,0,Normal,0.069781,0.025864
SES-009346,0,Normal,0.045033,0.017126
SES-010069,0,Normal,0.001723,0.001833
SES-009559,0,Normal,0.080804,0.029756
SES-006965,0,Normal,0.067631,0.025105
SES-002317,0,Normal,0.121444,0.044106
SES-010321,0,Normal,0.0631,0.023505
SES-002626,0,Normal,0.096499,0.035298
SES-003833,0,Normal,0.06835,0.025359
SES-001185,0,Normal,0.086056,0.031611
SES-005344,1,Anomalous,0.462635,0.164579
SES-004054,0,Normal,0.118074,0.042916
SES-012500,0,Normal,0.072889,0.026961
SES-008676,0,Normal,0.008298,0.004155
SES-007398,0,Normal,0.061566,0.022963
SES-008446,0,Normal,0.066102,0.024565
SES-003549,0,Normal,0.013129,0.005861
SES-007059,1,Anomalous,0.131212,0.047555
SES-003777,0,Normal,0.103765,0.037864
SES-000549,0,Normal,0.114368,0.041607
SES-006881,0,Normal,0.037126,0.014334
SES-002593,0,Normal,0.043915,0.016731
SES-009879,0,Normal,0.069471,0.025754
SES-007111,0,Normal,0.081398,0.029966
SES-007257,0,Normal,0.045593,0.017323
SES-004347,0,Normal,0.058817,0.021993
SES-001060,0,Normal,0.096198,0.035192
SES-008668,0,Normal,0.029148,0.011517
SES-002020,0,Normal,0.09573,0.035026
SES-008670,0,Normal,0.067329,0.024998
SES-004553,0,Normal,0.069875,0.025897
SES-008936,1,Anomalous,0.133322,0.0483
SES-008401,0,Normal,0.098793,0.036108
SES-001400,0,Normal,0.075538,0.027897
SES-011029,0,Normal,0.036258,0.014027
SES-007593,1,Anomalous,0.136211,0.04932
SES-000779,0,Normal,0.085284,0.031338
SES-013006,0,Normal,0.047831,0.018114
SES-002443,0,Normal,0.088019,0.032304
SES-005852,0,Normal,0.034438,0.013385
SES-012323,0,Normal,0.090218,0.03308
SES-003883,0,Normal,0.049075,0.018553
SES-006830,0,Normal,0.072937,0.026978
SES-008776,0,Normal,0.044957,0.017099
SES-011819,0,Normal,0.043585,0.016614
SES-003983,1,Anomalous,0.12721,0.046142
SES-009134,0,Normal,0.039937,0.015326
SES-002106,0,Normal,0.085297,0.031343
SES-003762,0,Normal,0.049528,0.018713
SES-000159,0,Normal,0.114435,0.041631
SES-007591,0,Normal,0.088158,0.032353
SES-001369,0,Normal,0.05473,0.020549
SES-007162,0,Normal,0.059443,0.022214
SES-003579,0,Normal,0.065676,0.024415
SES-006845,0,Normal,0.079392,0.029258
SES-010107,1,Anomalous,0.13035,0.047251
SES-008683,0,Normal,0.12509,0.045393
SES-005545,0,Normal,0.078808,0.029051
SES-007975,0,Normal,0.092218,0.033786
SES-006070,0,Normal,0.108965,0.0397
SES-002725,0,Normal,0.063838,0.023765
SES-012240,0,Normal,0.086744,0.031854
SES-003951,0,Normal,0.024811,0.009985
SES-011389,0,Normal,0.074537,0.027543
SES-002588,0,Normal,0.115653,0.042061
SES-009159,0,Normal,0.047657,0.018052
SES-001331,0,Normal,0.037841,0.014586
SES-010491,0,Normal,0.048665,0.018408
SES-001014,0,Normal,0.121183,0.044014
SES-010137,0,Normal,0.117159,0.042593
SES-011752,0,Normal,0.071933,0.026624
SES-007544,0,Normal,0.053394,0.020078
SES-005201,0,Normal,0.094254,0.034505
SES-002691,0,Normal,0.101183,0.036952
SES-007192,0,Normal,0.064257,0.023913
SES-000064,1,Anomalous,0.542618,0.19282
SES-000842,1,Anomalous,0.137371,0.04973
SES-011744,0,Normal,0.06434,0.023943
SES-009550,0,Normal,0.069147,0.02564
SES-012241,0,Normal,0.111507,0.040597
SES-005867,0,Normal,0.071481,0.026464
SES-006568,0,Normal,0.03133,0.012287
SES-010702,0,Normal,0.084498,0.03106
SES-002244,1,Anomalous,0.134175,0.048601
SES-008572,0,Normal,0.055748,0.020909
SES-006788,0,Normal,0.058828,0.021996
SES-011843,0,Normal,0.021318,0.008752
SES-008044,0,Normal,0.032871,0.012831
SES-003269,0,Normal,0.111209,0.040492
SES-007053,0,Normal,0.000293,0.001328
SES-005524,0,Normal,0.069562,0.025787
SES-001497,0,Normal,0.055207,0.020718
SES-004544,0,Normal,0.081681,0.030066
SES-012424,0,Normal,0.089222,0.032729
SES-008065,0,Normal,0.06234,0.023237
SES-011356,0,Normal,0.086064,0.031614
SES-001813,0,Normal,0.046171,0.017527
SES-008348,0,Normal,0.083425,0.030682
SES-009109,0,Normal,0.066207,0.024602
SES-006582,1,Anomalous,0.155074,0.055981
SES-003744,0,Normal,0.059387,0.022194
SES-010710,0,Normal,0.090533,0.033192
SES-004602,0,Normal,0.079049,0.029137
SES-002983,0,Normal,0.052484,0.019756
SES-007661,0,Normal,0.067767,0.025153
SES-012125,0,Normal,0.075163,0.027764
SES-007877,0,Normal,0.034913,0.013552
SES-011841,0,Normal,0.003627,0.002505
SES-005525,0,Normal,0.053938,0.02027
SES-004789,0,Normal,0.047849,0.01812
SES-002985,0,Normal,0.0714,0.026436
SES-008816,0,Normal,0.103368,0.037723
SES-009868,0,Normal,0.079121,0.029162
SES-011724,0,Normal,0.085771,0.03151
SES-004490,0,Normal,0.076103,0.028096
SES-005281,0,Normal,0.090695,0.033249
SES-004051,0,Normal,0.03594,0.013915
SES-012571,0,Normal,0.082765,0.030449
SES-002681,0,Normal,0.103698,0.03784
SES-012433,0,Normal,0.033373,0.013009
SES-010146,0,Normal,0.069468,0.025753
SES-005968,0,Normal,0.011358,0.005235
SES-007755,0,Normal,0.119219,0.04332
SES-003032,0,Normal,0.079736,0.029379
SES-007445,1,Anomalous,0.128067,0.046444
SES-012957,0,Normal,0.09329,0.034165
SES-008692,0,Normal,0.051855,0.019535
SES-005227,0,Normal,0.103755,0.03786
SES-002899,0,Normal,0.052605,0.019799
SES-009737,0,Normal,0.066987,0.024878
SES-002610,0,Normal,0.033897,0.013193
SES-004464,0,Normal,0.094442,0.034572
SES-002678,0,Normal,0.120172,0.043657
SES-012116,0,Normal,0.027673,0.010996
SES-001248,0,Normal,0.079985,0.029467
SES-002350,0,Normal,0.075551,0.027901
SES-001125,0,Normal,0.08194,0.030157
SES-009150,0,Normal,0.001324,0.001692
SES-004030,0,Normal,0.030248,0.011905
SES-011473,0,Normal,0.077104,0.02845
SES-000223,1,Anomalous,0.142481,0.051534
SES-004500,0,Normal,0.095164,0.034827
SES-001904,0,Normal,0.079185,0.029184
SES-003263,0,Normal,0.049804,0.01881
SES-011557,0,Normal,0.116101,0.042219
SES-000880,0,Normal,0.065999,0.024529
SES-000377,0,Normal,0.051332,0.01935
SES-006292,0,Normal,0.08127,0.029921
SES-004603,0,Normal,0.094614,0.034632
SES-009856,0,Normal,0.037891,0.014604
SES-002230,0,Normal,0.073136,0.027049
SES-005857,0,Normal,0.043147,0.01646
SES-004495,0,Normal,0.078109,0.028804
SES-006409,1,Anomalous,0.171065,0.061627
SES-011463,0,Normal,0.08628,0.03169
SES-012808,0,Normal,0.072036,0.02666
SES-009631,0,Normal,0.099108,0.036219
SES-010975,0,Normal,0.04427,0.016856
SES-012408,0,Normal,0.049531,0.018714
SES-008359,0,Normal,0.071518,0.026477
SES-011378,0,Normal,0.057046,0.021367
SES-011879,0,Normal,0.04635,0.017591
SES-006243,0,Normal,0.077006,0.028415
SES-011255,0,Normal,0.093021,0.03407
SES-001858,0,Normal,0.087389,0.032081
SES-007306,0,Normal,0.091223,0.033435
SES-005512,0,Normal,0.073462,0.027164
SES-009739,0,Normal,0.083626,0.030753
SES-007836,0,Normal,0.050954,0.019216
SES-010796,0,Normal,0.049596,0.018737
SES-007137,0,Normal,0.120502,0.043773
SES-005150,0,Normal,0.04944,0.018682
SES-007118,0,Normal,0.082115,0.030219
SES-000929,0,Normal,0.069228,0.025669
SES-004534,0,Normal,0.049677,0.018765
SES-000730,0,Normal,0.096259,0.035213
SES-004057,0,Normal,0.046278,0.017565
SES-000725,0,Normal,0.092986,0.034058
SES-005032,0,Normal,0.060715,0.022663
SES-005136,0,Normal,0.097071,0.0355
SES-007609,0,Normal,0.014904,0.006487
SES-009385,0,Normal,0.05482,0.020581
SES-001829,0,Normal,0.104402,0.038088
SES-000525,1,Anomalous,0.125774,0.045635
SES-012444,0,Normal,0.097186,0.035541
SES-012040,0,Normal,0.066221,0.024607
SES-000584,0,Normal,0.083791,0.030811
SES-000200,0,Normal,0.104764,0.038216
SES-009168,0,Normal,0.05726,0.021443
SES-004077,1,Anomalous,0.146752,0.053042
SES-003888,0,Normal,0.045251,0.017202
SES-010549,0,Normal,0.074852,0.027655
SES-008723,0,Normal,0.059797,0.022339
SES-011045,0,Normal,0.092826,0.034001
SES-002164,0,Normal,0.107179,0.039069
SES-009567,0,Normal,0.078541,0.028957
SES-012783,0,Normal,0.074874,0.027662
SES-000583,0,Normal,0.026064,0.010428
SES-002158,0,Normal,0.078779,0.029041
SES-011351,0,Normal,0.031781,0.012446
SES-001168,0,Normal,0.071066,0.026318
SES-010381,0,Normal,0.079284,0.029219
SES-000286,0,Normal,0.092219,0.033787
SES-000349,0,Normal,0.088717,0.03255
SES-011552,0,Normal,0.113398,0.041265
SES-007489,0,Normal,0.070795,0.026222
SES-005137,0,Normal,0.061664,0.022998
SES-002872,0,Normal,0.03718,0.014353
SES-004529,0,Normal,0.063337,0.023589
SES-002635,0,Normal,0.073727,0.027257
SES-005881,0,Normal,0.078772,0.029039
SES-004225,0,Normal,0.10472,0.038201
SES-009453,0,Normal,0.101364,0.037016
SES-001687,0,Normal,0.112315,0.040882
SES-005348,0,Normal,0.079709,0.029369
SES-007822,1,Anomalous,0.230947,0.082771
SES-008353,0,Normal,0.05243,0.019737
SES-000334,0,Normal,0.062975,0.023461
SES-010292,0,Normal,0.083319,0.030644
SES-007586,0,Normal,0.010193,0.004824
SES-012704,0,Normal,0.053895,0.020255
SES-007752,0,Normal,0.047215,0.017896
SES-012150,0,Normal,0.074728,0.027611
SES-002753,0,Normal,0.103384,0.037729
SES-009258,0,Normal,0.075905,0.028026
SES-011149,0,Normal,0.074971,0.027697
SES-011245,0,Normal,0.071521,0.026479
SES-001521,0,Normal,0.06884,0.025532
SES-003217,0,Normal,0.119286,0.043344
SES-008167,0,Normal,0.090766,0.033274
SES-005339,1,Anomalous,0.243504,0.087205
SES-002034,0,Normal,0.057378,0.021485
SES-011229,1,Anomalous,0.141886,0.051324
SES-004813,0,Normal,0.072729,0.026905
SES-007807,0,Normal,0.095566,0.034969
SES-004877,0,Normal,0.046689,0.01771
SES-008182,0,Normal,0.009564,0.004602
SES-000843,0,Normal,0.096419,0.03527
SES-008206,1,Anomalous,0.135308,0.049001
SES-011599,0,Normal,0.079815,0.029407
SES-009818,0,Normal,0.062398,0.023257
SES-008052,0,Normal,0.080286,0.029573
SES-001986,1,Anomalous,0.127397,0.046208
SES-012100,0,Normal,0.019061,0.007955
SES-006063,0,Normal,0.003522,0.002468
SES-000073,0,Normal,0.052054,0.019605
SES-012860,0,Normal,0.050056,0.018899
SES-006500,0,Normal,0.004206,0.00271
SES-012382,0,Normal,0.072003,0.026648
SES-010129,0,Normal,0.103822,0.037884
SES-001717,0,Normal,0.027214,0.010834
SES-012301,0,Normal,0.118009,0.042893
SES-002929,0,Normal,0.01483,0.006461
SES-011964,0,Normal,0.1189,0.043208
SES-007322,0,Normal,0.042333,0.016172
SES-004713,0,Normal,0.075296,0.027811
SES-003322,0,Normal,0.047287,0.017922
SES-011239,0,Normal,0.063262,0.023562
SES-008282,0,Normal,0.091923,0.033682
SES-009598,1,Anomalous,0.174753,0.062929
SES-005970,0,Normal,0.034715,0.013482
SES-008855,0,Normal,0.001958,0.001916
SES-000937,0,Normal,0.067803,0.025166
SES-011134,0,Normal,0.040506,0.015527
SES-000989,1,Anomalous,0.841483,0.298348
SES-008025,0,Normal,0.086838,0.031887
SES-008743,0,Normal,0.035967,0.013924
SES-004325,0,Normal,0.052665,0.01982
SES-005070,0,Normal,0.085608,0.031452
SES-000746,0,Normal,0.087091,0.031976
SES-009858,0,Normal,0.077744,0.028676
SES-002328,0,Normal,0.071563,0.026493
SES-001786,0,Normal,0.074032,0.027365
SES-003832,0,Normal,0.062809,0.023402
SES-007859,1,Anomalous,0.159164,0.057425
SES-012864,0,Normal,0.079168,0.029178
SES-009435,0,Normal,0.062632,0.02334
SES-000586,0,Normal,0.098704,0.036076
SES-004117,0,Normal,0.007581,0.003901
SES-012879,0,Normal,0.101108,0.036925
SES-004411,0,Normal,0.087905,0.032263
SES-006802,0,Normal,0.073061,0.027022
SES-007961,0,Normal,0.050409,0.019024
SES-009971,1,Anomalous,0.346331,0.123512
SES-012310,0,Normal,0.085548,0.031431
SES-005577,0,Normal,0.076814,0.028347
SES-002947,0,Normal,0.082205,0.030251
SES-011078,0,Normal,0.069939,0.02592
SES-004074,0,Normal,0.123346,0.044777
SES-010278,0,Normal,0.114707,0.041727
SES-005216,0,Normal,0.062415,0.023263
SES-012263,0,Normal,0.022482,0.009163
SES-004107,0,Normal,0.058819,0.021993
SES-009190,0,Normal,0.065006,0.024178
SES-008686,0,Normal,0.051205,0.019305
SES-007423,0,Normal,0.10019,0.036601
SES-003416,0,Normal,0.058452,0.021864
SES-009314,0,Normal,0.109866,0.040018
SES-012590,0,Normal,0.073706,0.02725
SES-001795,0,Normal,0.11238,0.040906
SES-001026,0,Normal,0.08843,0.032449
SES-007711,0,Normal,0.055037,0.020658
SES-001047,0,Normal,0.095679,0.035009
SES-012087,0,Normal,0.076103,0.028096
SES-004874,1,Anomalous,0.142201,0.051435
SES-002403,1,Anomalous,0.688824,0.244445
SES-011014,1,Anomalous,0.14045,0.050817
SES-008528,0,Normal,0.090626,0.033224
SES-002663,0,Normal,0.091443,0.033513
SES-009110,0,Normal,0.086273,0.031687
SES-008672,0,Normal,0.035105,0.01362
SES-007020,0,Normal,0.110672,0.040302
SES-003797,0,Normal,0.07255,0.026842
SES-001009,0,Normal,0.063752,0.023735
SES-000289,0,Normal,0.001954,0.001915
SES-010906,0,Normal,0.074861,0.027658
SES-008626,0,Normal,0.056471,0.021164
SES-006547,0,Normal,0.087878,0.032254
SES-012411,0,Normal,0.082976,0.030523
SES-004570,0,Normal,0.07139,0.026432
SES-005205,0,Normal,0.102275,0.037338
SES-003807,0,Normal,0.043035,0.01642
SES-008642,1,Anomalous,1.0,0.35432
SES-006261,0,Normal,0.083946,0.030866
SES-006514,0,Normal,0.087763,0.032213
SES-004373,0,Normal,0.09134,0.033476
SES-006524,0,Normal,0.101024,0.036896
SES-008587,0,Normal,0.083758,0.030799
SES-003947,0,Normal,0.111849,0.040718
SES-004305,0,Normal,0.041736,0.015961
SES-008031,1,Anomalous,0.128213,0.046496
SES-004803,0,Normal,0.052181,0.019649
SES-009197,0,Normal,0.103712,0.037845
SES-002178,0,Normal,0.045005,0.017116
SES-010464,0,Normal,0.080536,0.029662
SES-011061,1,Anomalous,0.31321,0.111818
SES-008476,0,Normal,0.063796,0.023751
SES-011597,1,Anomalous,0.12844,0.046576
SES-000913,1,Anomalous,0.132723,0.048089
SES-008873,0,Normal,0.073192,0.027068
SES-012435,0,Normal,0.080974,0.029816
SES-007801,0,Normal,0.026416,0.010552
SES-005773,0,Normal,0.052691,0.01983
SES-000979,0,Normal,0.062967,0.023458
SES-009866,0,Normal,0.031613,0.012387
SES-008397,0,Normal,0.083951,0.030867
SES-009399,0,Normal,0.094465,0.03458
SES-001159,0,Normal,0.082013,0.030183
SES-009545,0,Normal,0.080741,0.029734
SES-000010,1,Anomalous,0.248044,0.088808
SES-002466,0,Normal,0.074403,0.027496
SES-002092,1,Anomalous,0.330379,0.11788
SES-010601,0,Normal,0.086185,0.031656
SES-011684,0,Normal,0.075419,0.027855
SES-011609,0,Normal,0.061203,0.022835
SES-009462,0,Normal,0.081515,0.030007
SES-006283,0,Normal,0.0533,0.020045
SES-007457,0,Normal,0.087391,0.032082
SES-002390,0,Normal,0.050266,0.018973
SES-003718,0,Normal,0.055283,0.020745
SES-010068,0,Normal,0.026426,0.010556
SES-009402,0,Normal,0.07977,0.029391
SES-009451,0,Normal,0.042849,0.016354
SES-010250,1,Anomalous,0.127244,0.046154
SES-008140,0,Normal,0.096341,0.035242
SES-007943,0,Normal,0.050992,0.01923
SES-010473,0,Normal,0.034044,0.013246
SES-004271,0,Normal,0.118059,0.042911
SES-006594,0,Normal,0.03262,0.012743
SES-001641,0,Normal,0.124695,0.045254
SES-005058,0,Normal,0.095352,0.034893
SES-009892,0,Normal,0.073811,0.027287
SES-005394,0,Normal,0.02438,0.009833
SES-000013,0,Normal,0.010335,0.004874
SES-010258,0,Normal,0.107296,0.03911
SES-011747,0,Normal,0.059094,0.022091
SES-012356,0,Normal,0.122541,0.044493
SES-012368,0,Normal,0.094603,0.034628
SES-002219,1,Anomalous,0.210668,0.07561
SES-007195,0,Normal,0.042668,0.016291
SES-008657,0,Normal,0.066378,0.024663
SES-005963,0,Normal,0.090893,0.033319
SES-000882,0,Normal,0.108712,0.03961
SES-009600,0,Normal,0.080689,0.029716
SES-000659,0,Normal,0.106023,0.038661
SES-008506,0,Normal,0.115518,0.042013
SES-004081,0,Normal,0.081376,0.029958
SES-007496,0,Normal,0.104694,0.038192
SES-002991,0,Normal,0.083406,0.030675
SES-011873,0,Normal,0.12432,0.045121
SES-001043,0,Normal,0.117307,0.042645
SES-009426,0,Normal,0.104621,0.038166
SES-006908,1,Anomalous,0.130596,0.047337
SES-006531,0,Normal,0.052732,0.019844
SES-011111,0,Normal,0.034072,0.013255
SES-008824,0,Normal,0.022523,0.009177
SES-003395,0,Normal,0.083467,0.030697
SES-012231,0,Normal,0.050672,0.019117
SES-011422,0,Normal,0.08099,0.029822
SES-011737,0,Normal,0.099818,0.03647
SES-004811,0,Normal,0.089118,0.032692
SES-012135,0,Normal,0.068501,0.025412
SES-007385,0,Normal,0.055429,0.020797
SES-011705,0,Normal,0.104766,0.038217
SES-002021,1,Anomalous,0.133828,0.048479
SES-010322,0,Normal,0.096435,0.035276
SES-005371,0,Normal,0.033109,0.012915
SES-003205,0,Normal,0.096459,0.035284
SES-010749,0,Normal,0.07702,0.02842
SES-001790,0,Normal,0.062092,0.023149
SES-004845,0,Normal,0.074991,0.027704
SES-007334,0,Normal,0.063018,0.023476
SES-010851,0,Normal,0.062825,0.023408
SES-000227,0,Normal,0.07917,0.029179
SES-008316,0,Normal,0.072501,0.026825
SES-000150,0,Normal,0.107577,0.03921
SES-003688,0,Normal,0.095892,0.035084
SES-003684,0,Normal,0.074621,0.027573
SES-011858,0,Normal,0.061769,0.023035
SES-008932,0,Normal,0.009957,0.00474
SES-011387,1,Anomalous,0.133448,0.048344
SES-003264,1,Anomalous,0.128232,0.046503
SES-008503,0,Normal,0.069177,0.025651
SES-001952,1,Anomalous,0.151668,0.054778
SES-002600,0,Normal,0.100756,0.036801
SES-006014,0,Normal,0.114771,0.04175
SES-002914,1,Anomalous,0.134504,0.048717
SES-008951,0,Normal,0.075571,0.027909
SES-005526,0,Normal,0.047004,0.017822
SES-011113,0,Normal,0.052265,0.019679
SES-002716,0,Normal,0.080423,0.029622
SES-008248,0,Normal,0.074831,0.027647
SES-007546,0,Normal,0.097858,0.035778
SES-010176,0,Normal,0.079262,0.029212
SES-000782,0,Normal,0.055636,0.02087
SES-003604,1,Anomalous,0.125624,0.045582
SES-002387,1,Anomalous,0.458337,0.163061
SES-011419,0,Normal,0.069596,0.025799
SES-008681,0,Normal,0.049998,0.018879
SES-004092,0,Normal,0.089492,0.032824
SES-002912,0,Normal,0.058476,0.021872
SES-009410,0,Normal,0.067155,0.024937
SES-002123,0,Normal,0.036565,0.014136
SES-011969,0,Normal,0.087331,0.032061
SES-009757,0,Normal,0.043494,0.016582
SES-008509,0,Normal,0.101163,0.036945
SES-004531,0,Normal,0.052169,0.019645
SES-009386,1,Anomalous,0.126969,0.046057
SES-010254,0,Normal,0.044713,0.017013
SES-005595,0,Normal,0.069751,0.025853
SES-009106,1,Anomalous,0.150272,0.054285
SES-001661,0,Normal,0.091602,0.033569
SES-009510,0,Normal,0.00415,0.00269
SES-003404,1,Anomalous,0.410772,0.146266
SES-002172,0,Normal,0.021805,0.008924
SES-005940,0,Normal,0.096914,0.035445
SES-008897,0,Normal,0.056764,0.021268
SES-004675,0,Normal,0.067427,0.025033
SES-000851,0,Normal,0.038638,0.014868
SES-010728,0,Normal,0.065883,0.024488
SES-005399,0,Normal,0.074196,0.027423
SES-007510,0,Normal,0.11403,0.041488
SES-010593,0,Normal,0.048127,0.018218
SES-003240,0,Normal,0.06351,0.02365
SES-011459,0,Normal,0.089574,0.032853
SES-010866,0,Normal,0.085278,0.031336
SES-007696,0,Normal,0.04401,0.016765
SES-011002,0,Normal,0.076722,0.028315
SES-006275,0,Normal,0.090449,0.033162
SES-007197,1,Anomalous,0.133326,0.048301
SES-005743,0,Normal,0.036871,0.014244
SES-003592,1,Anomalous,0.70079,0.24867
SES-007996,0,Normal,0.091446,0.033514
SES-006082,0,Normal,0.018149,0.007633
SES-007022,0,Normal,0.039885,0.015308
SES-000167,0,Normal,0.122841,0.044599
SES-011185,0,Normal,0.006643,0.00357
SES-005837,0,Normal,0.108153,0.039413
SES-010898,0,Normal,0.097192,0.035543
SES-011109,0,Normal,0.10891,0.03968
SES-006840,0,Normal,0.046346,0.017589
SES-010489,0,Normal,0.118055,0.042909
SES-012962,0,Normal,0.087824,0.032235
SES-002088,0,Normal,0.093403,0.034205
SES-004622,0,Normal,0.039644,0.015223
SES-001360,0,Normal,0.044375,0.016893
SES-006958,0,Normal,0.118246,0.042977
SES-007682,0,Normal,0.123313,0.044766
SES-012819,1,Anomalous,0.128359,0.046548
SES-001676,0,Normal,0.093912,0.034385
SES-011338,1,Anomalous,0.136991,0.049595
SES-007286,0,Normal,0.097904,0.035794
SES-005855,0,Normal,0.041511,0.015882
SES-001052,0,Normal,0.121348,0.044072
SES-002591,0,Normal,0.09697,0.035464
SES-008352,0,Normal,0.114764,0.041747
SES-000437,0,Normal,0.078006,0.028768
SES-002907,0,Normal,0.076033,0.028072
SES-006302,0,Normal,0.044532,0.016949
SES-002952,0,Normal,0.075273,0.027803
SES-005711,0,Normal,0.0688,0.025518
SES-008737,1,Anomalous,0.13829,0.050054
SES-011231,0,Normal,0.059028,0.022067
SES-000568,0,Normal,0.106718,0.038906
SES-004004,0,Normal,0.083294,0.030635
SES-003616,0,Normal,0.056303,0.021105
SES-008048,0,Normal,0.044398,0.016901
SES-012651,0,Normal,0.07953,0.029306
SES-009582,0,Normal,0.048447,0.018331
SES-009202,0,Normal,0.034363,0.013358
SES-004200,0,Normal,0.09848,0.035997
SES-011035,0,Normal,0.096551,0.035316
SES-003094,0,Normal,0.060072,0.022436
SES-006557,0,Normal,0.080308,0.029581
SES-008141,0,Normal,0.065437,0.02433
SES-000044,0,Normal,0.100383,0.03667
SES-002742,1,Anomalous,0.177275,0.06382
SES-002008,0,Normal,0.026351,0.010529
SES-012576,1,Anomalous,0.150527,0.054375
SES-001181,0,Normal,0.101489,0.03706
SES-012705,0,Normal,0.042999,0.016407
SES-004929,0,Normal,0.091237,0.03344
SES-011200,0,Normal,0.036045,0.013952
SES-010121,0,Normal,0.07619,0.028127
SES-001059,0,Normal,0.038703,0.01489
SES-006413,0,Normal,0.024468,0.009864
SES-003751,0,Normal,0.08012,0.029515
SES-007946,0,Normal,0.09937,0.036312
SES-002154,0,Normal,0.012443,0.005618
SES-003505,0,Normal,0.062289,0.023219
SES-009601,0,Normal,0.077272,0.028509
SES-009890,0,Normal,0.05734,0.021471
SES-003859,0,Normal,0.083364,0.03066
SES-005809,0,Normal,0.081448,0.029984
SES-003632,0,Normal,0.066126,0.024573
SES-001598,0,Normal,0.104046,0.037963
SES-005834,0,Normal,0.050238,0.018964
SES-012985,0,Normal,0.087271,0.03204
SES-009778,1,Anomalous,0.142168,0.051423
SES-000557,0,Normal,0.071822,0.026585
SES-001471,0,Normal,0.045985,0.017462
SES-006510,0,Normal,0.085714,0.03149
SES-011270,0,Normal,0.089754,0.032916
SES-007624,0,Normal,0.067486,0.025054
SES-000431,0,Normal,0.110566,0.040265
SES-006440,0,Normal,0.057493,0.021525
SES-008696,0,Normal,0.104511,0.038127
SES-011106,0,Normal,0.105557,0.038496
SES-004133,0,Normal,0.049917,0.01885
SES-001167,0,Normal,0.06969,0.025832
SES-000946,0,Normal,0.103442,0.037749
SES-006184,0,Normal,0.068903,0.025554
SES-002147,0,Normal,0.079487,0.029291
SES-009448,0,Normal,0.092442,0.033865
SES-000961,0,Normal,0.077443,0.028569
SES-006077,0,Normal,0.06281,0.023403
SES-010722,0,Normal,0.1027,0.037488
SES-002975,0,Normal,0.048236,0.018257
SES-001828,0,Normal,0.08982,0.03294
SES-012242,0,Normal,0.083779,0.030807
SES-000607,0,Normal,0.003623,0.002504
SES-003509,0,Normal,0.112591,0.04098
SES-003915,0,Normal,0.076031,0.028071
SES-011322,0,Normal,0.081921,0.030151
SES-004585,0,Normal,0.063075,0.023496
SES-011946,0,Normal,0.044533,0.016949
SES-006757,0,Normal,0.07615,0.028113
SES-012949,0,Normal,0.045946,0.017448
SES-001752,0,Normal,0.113865,0.04143
SES-003713,0,Normal,0.068759,0.025503
SES-004322,0,Normal,0.060367,0.02254
SES-004624,0,Normal,0.110181,0.040129
SES-000911,0,Normal,0.080382,0.029607
SES-001773,0,Normal,0.045366,0.017243
SES-005190,0,Normal,0.123081,0.044684
SES-005622,0,Normal,0.090181,0.033067
SES-012530,0,Normal,0.042846,0.016353
SES-001387,0,Normal,0.05665,0.021228
SES-006865,0,Normal,0.051294,0.019336
SES-000637,1,Anomalous,0.364621,0.129971
SES-000281,0,Normal,0.067651,0.025112
SES-008684,0,Normal,0.091828,0.033649
SES-011653,0,Normal,0.082492,0.030352
SES-003597,1,Anomalous,0.128456,0.046582
SES-001010,0,Normal,0.089038,0.032664
SES-005213,0,Normal,0.065964,0.024516
SES-012541,0,Normal,0.003031,0.002295
SES-010829,0,Normal,0.080006,0.029474
SES-012907,0,Normal,0.07324,0.027085
SES-003980,0,Normal,0.056458,0.02116
SES-009148,0,Normal,0.081627,0.030047
SES-011138,1,Anomalous,0.147906,0.05345
SES-007409,0,Normal,0.053342,0.020059
SES-002375,0,Normal,0.065711,0.024427
SES-005802,0,Normal,0.11543,0.041982
SES-003289,1,Anomalous,0.133995,0.048538
SES-004542,0,Normal,0.122245,0.044389
SES-006819,0,Normal,0.084561,0.031083
SES-005910,0,Normal,0.04976,0.018795
SES-007293,0,Normal,0.090625,0.033224
SES-010205,0,Normal,0.109149,0.039765
SES-012122,0,Normal,0.094099,0.034451
SES-003089,0,Normal,0.098312,0.035938
SES-004629,0,Normal,0.017891,0.007542
SES-003750,0,Normal,0.123497,0.044831
SES-010375,0,Normal,0.051495,0.019407
SES-002859,0,Normal,0.076922,0.028385
SES-000426,0,Normal,0.097241,0.03556
SES-004012,0,Normal,0.062319,0.023229
SES-004333,0,Normal,0.050614,0.019096
SES-004954,0,Normal,0.053118,0.01998
SES-005249,0,Normal,0.013959,0.006153
SES-010370,0,Normal,0.092892,0.034024
SES-006015,0,Normal,0.090913,0.033325
SES-011850,0,Normal,0.080253,0.029562
SES-002946,0,Normal,0.001081,0.001606
SES-012875,0,Normal,0.083415,0.030678
SES-008067,0,Normal,0.058775,0.021978
SES-002248,0,Normal,0.09192,0.033681
SES-010294,0,Normal,0.085569,0.031439
SES-003406,0,Normal,0.04819,0.01824
SES-010522,1,Anomalous,0.128126,0.046465
SES-003585,0,Normal,0.094648,0.034645
SES-001635,0,Normal,0.065466,0.02434
SES-010515,0,Normal,0.047353,0.017945
SES-012820,0,Normal,0.109881,0.040023
SES-005730,0,Normal,0.092271,0.033805
SES-010740,0,Normal,0.031244,0.012257
SES-007574,0,Normal,0.057713,0.021603
SES-005890,0,Normal,0.061995,0.023115
SES-011393,0,Normal,0.115967,0.042172
SES-005005,0,Normal,0.068368,0.025365
SES-011931,0,Normal,0.038738,0.014903
SES-003900,0,Normal,0.036658,0.014168
SES-007490,0,Normal,0.064655,0.024054
SES-010870,1,Anomalous,0.133632,0.04841
SES-005027,0,Normal,0.072109,0.026686
SES-001436,0,Normal,0.088801,0.03258
SES-011757,0,Normal,0.084019,0.030891
SES-002076,0,Normal,0.076456,0.028221
SES-005564,0,Normal,0.035922,0.013909
SES-011159,0,Normal,0.070871,0.026249
SES-012639,0,Normal,0.105892,0.038615
SES-000177,0,Normal,0.080948,0.029807
SES-001441,0,Normal,0.107485,0.039177
SES-001979,0,Normal,0.117638,0.042762
SES-003852,1,Anomalous,0.158257,0.057104
SES-004352,0,Normal,0.022453,0.009153
SES-001307,0,Normal,0.065755,0.024442
SES-007353,0,Normal,0.038791,0.014921
SES-009661,0,Normal,0.093985,0.03441
SES-007575,0,Normal,0.060552,0.022605
SES-001522,0,Normal,0.048835,0.018468
SES-006010,0,Normal,0.063426,0.02362
SES-001855,0,Normal,0.100773,0.036807
SES-008746,0,Normal,0.092454,0.03387
SES-004187,0,Normal,0.070699,0.026188
SES-009935,0,Normal,0.064166,0.023881
SES-006983,0,Normal,0.081572,0.030027
SES-008237,1,Anomalous,0.129488,0.046946
SES-002010,0,Normal,0.049252,0.018615
SES-003812,0,Normal,0.080506,0.029651
SES-003362,0,Normal,0.029422,0.011613
SES-004933,0,Normal,0.058382,0.021839
SES-002603,0,Normal,0.1067,0.0389
SES-005745,0,Normal,0.118372,0.043021
SES-012768,1,Anomalous,0.266,0.095148
SES-004799,0,Normal,0.059007,0.02206
SES-010882,0,Normal,0.082599,0.03039
SES-006732,0,Normal,0.101943,0.03722
SES-005170,0,Normal,0.09036,0.03313
SES-004167,0,Normal,0.081349,0.029949
SES-002246,0,Normal,0.08166,0.030058
SES-012890,0,Normal,0.07342,0.027149
SES-012579,0,Normal,0.099045,0.036197
SES-001267,0,Normal,0.097033,0.035487
SES-009822,0,Normal,0.112478,0.04094
SES-000893,1,Anomalous,0.133154,0.048241
SES-001864,1,Anomalous,0.350318,0.12492
SES-009323,0,Normal,0.053377,0.020072
SES-003280,0,Normal,0.071372,0.026426
SES-006023,0,Normal,0.051156,0.019288
SES-011682,0,Normal,0.08063,0.029695
SES-012162,0,Normal,0.079152,0.029173
SES-001171,0,Normal,0.056904,0.021317
SES-009760,0,Normal,0.063314,0.023581
SES-012480,0,Normal,0.070632,0.026164
SES-011907,0,Normal,0.004808,0.002922
SES-008937,0,Normal,0.002798,0.002213
SES-011960,0,Normal,0.105034,0.038312
SES-008333,0,Normal,0.081074,0.029851
SES-009053,0,Normal,0.05489,0.020606
SES-005239,0,Normal,0.028895,0.011427
SES-012060,0,Normal,0.05403,0.020302
SES-003225,0,Normal,0.072181,0.026712
SES-010874,0,Normal,0.058745,0.021967
SES-011468,0,Normal,0.06745,0.025041
SES-012009,0,Normal,0.030282,0.011917
SES-005390,0,Normal,0.09538,0.034903
SES-006234,0,Normal,0.057,0.021351
SES-004695,0,Normal,0.064852,0.024124
SES-003310,1,Anomalous,0.177919,0.064047
SES-006495,0,Normal,0.011177,0.005171
SES-006571,0,Normal,0.052944,0.019919
SES-007856,1,Anomalous,0.12683,0.046008
SES-009909,0,Normal,0.074586,0.02756
SES-010968,0,Normal,0.087987,0.032292
SES-004663,0,Normal,0.04242,0.016203
SES-010599,0,Normal,0.089453,0.03281
SES-009606,0,Normal,0.123309,0.044765
SES-003520,0,Normal,0.060729,0.022668
SES-008629,1,Anomalous,0.142814,0.051652
SES-005914,1,Anomalous,0.44173,0.157197
SES-006017,0,Normal,0.023912,0.009668
SES-008027,0,Normal,0.031314,0.012282
SES-007809,0,Normal,0.122345,0.044424
SES-013002,0,Normal,0.08029,0.029575
SES-005858,0,Normal,0.048689,0.018416
SES-010340,0,Normal,0.03378,0.013152
SES-004003,1,Anomalous,0.134606,0.048753
SES-007551,0,Normal,0.028016,0.011117
SES-011959,0,Normal,0.080234,0.029555
SES-011739,1,Anomalous,0.161365,0.058202
SES-008163,0,Normal,0.103403,0.037736
SES-003716,0,Normal,0.044585,0.016967
SES-007714,0,Normal,0.052734,0.019845
SES-002268,0,Normal,0.04917,0.018586
SES-003773,0,Normal,0.094317,0.034528
SES-002037,0,Normal,0.050094,0.018913
SES-011258,1,Anomalous,0.202536,0.072739
SES-008235,0,Normal,0.071695,0.02654
SES-007062,0,Normal,0.092568,0.03391
SES-005067,0,Normal,0.059125,0.022101
SES-008360,0,Normal,0.074597,0.027564
SES-012456,0,Normal,0.004597,0.002848
SES-004810,0,Normal,0.079003,0.02912
SES-002402,0,Normal,0.033937,0.013208
SES-004802,1,Anomalous,0.14775,0.053395
SES-009666,0,Normal,0.070632,0.026164
SES-000759,0,Normal,0.050793,0.01916
SES-000865,0,Normal,0.088762,0.032566
SES-004370,0,Normal,0.123522,0.04484
SES-003099,0,Normal,0.040209,0.015422
SES-004094,0,Normal,0.085488,0.03141
SES-007654,0,Normal,0.071251,0.026383
SES-005674,0,Normal,0.072896,0.026964
SES-003449,0,Normal,0.105789,0.038578
SES-010666,0,Normal,0.074544,0.027546
SES-007224,0,Normal,0.057977,0.021696
SES-001283,0,Normal,0.058288,0.021806
SES-006435,0,Normal,0.087195,0.032013
SES-002395,0,Normal,0.071105,0.026332
SES-011110,0,Normal,0.074706,0.027603
SES-003734,0,Normal,0.090498,0.033179
SES-007638,0,Normal,0.112951,0.041107
SES-002243,0,Normal,0.044339,0.016881
SES-010268,0,Normal,0.07515,0.02776
SES-005769,0,Normal,0.08315,0.030584
SES-007633,0,Normal,0.066297,0.024634
SES-007003,0,Normal,0.083422,0.030681
SES-012099,0,Normal,0.06122,0.022841
SES-000569,0,Normal,0.110068,0.040089
SES-007863,0,Normal,0.078897,0.029083
SES-004587,0,Normal,0.000863,0.001529
SES-000449,0,Normal,0.063886,0.023783
SES-011596,0,Normal,0.084206,0.030957
SES-009017,0,Normal,0.036669,0.014172
SES-007468,0,Normal,0.043273,0.016504
SES-008624,0,Normal,0.064039,0.023837
SES-002786,0,Normal,0.081324,0.02994
SES-008238,0,Normal,0.093463,0.034226
SES-006251,0,Normal,0.033027,0.012886
SES-000669,0,Normal,0.064037,0.023836
SES-001417,0,Normal,0.042973,0.016398
SES-012349,0,Normal,0.097051,0.035493
SES-000370,0,Normal,0.084903,0.031203
SES-007234,0,Normal,0.036606,0.01415
SES-004048,0,Normal,0.006423,0.003493
SES-008749,0,Normal,0.048508,0.018353
SES-004807,0,Normal,0.07705,0.028431
SES-003357,0,Normal,0.082021,0.030186
SES-011911,0,Normal,0.006496,0.003518
SES-000943,1,Anomalous,0.133866,0.048492
SES-009260,0,Normal,0.06276,0.023385
SES-003116,0,Normal,0.04165,0.015931
SES-004609,0,Normal,0.065364,0.024304
SES-007537,0,Normal,0.113936,0.041455
SES-001796,0,Normal,0.1237,0.044902
SES-002541,0,Normal,0.080341,0.029593
SES-001728,0,Normal,0.047532,0.018008
SES-004239,0,Normal,0.043216,0.016484
SES-005492,0,Normal,0.096581,0.035327
SES-003146,0,Normal,0.063198,0.02354
SES-006636,1,Anomalous,0.357422,0.127429
SES-010913,0,Normal,0.045995,0.017465
SES-000624,0,Normal,0.103534,0.037782
SES-001161,0,Normal,0.071681,0.026535
SES-007842,0,Normal,0.054449,0.02045
SES-003040,0,Normal,0.058414,0.02185
SES-011241,0,Normal,0.097779,0.03575
SES-008461,0,Normal,0.108813,0.039646
SES-010790,0,Normal,0.110162,0.040122
SES-010399,0,Normal,0.108219,0.039436
SES-012712,0,Normal,0.040152,0.015402
SES-009289,0,Normal,0.0476,0.018032
SES-003023,0,Normal,0.075323,0.027821
SES-008791,0,Normal,0.072476,0.026816
SES-011075,0,Normal,0.122653,0.044533
SES-001432,0,Normal,0.042144,0.016106
SES-008096,0,Normal,0.072437,0.026802
SES-012377,0,Normal,0.08636,0.031718
SES-009780,0,Normal,0.063947,0.023804
SES-005143,1,Anomalous,0.393911,0.140313
SES-001621,0,Normal,0.034877,0.01354
SES-003148,0,Normal,0.06598,0.024522
SES-012157,0,Normal,0.043734,0.016667
SES-000652,0,Normal,0.054833,0.020586
SES-007965,0,Normal,0.06737,0.025013
SES-002968,0,Normal,0.002596,0.002141
SES-008128,0,Normal,0.040075,0.015375
SES-011096,1,Anomalous,0.16298,0.058772
SES-006410,0,Normal,0.092092,0.033742
SES-010256,0,Normal,0.056717,0.021251
SES-000702,0,Normal,0.079752,0.029385
SES-000604,0,Normal,0.003984,0.002632
SES-003058,0,Normal,0.106976,0.038997
SES-002943,0,Normal,0.096013,0.035126
SES-006710,0,Normal,0.069253,0.025678
SES-006847,0,Normal,0.046217,0.017544
SES-006048,0,Normal,0.093695,0.034308
SES-003613,1,Anomalous,0.127488,0.04624
SES-005690,0,Normal,0.10218,0.037304
SES-006896,0,Normal,0.053663,0.020173
SES-001832,0,Normal,0.069757,0.025855
SES-010747,1,Anomalous,0.138547,0.050145
SES-009671,0,Normal,0.034116,0.013271
SES-008922,0,Normal,0.001141,0.001627
SES-001463,0,Normal,0.08623,0.031672
SES-005550,0,Normal,0.041114,0.015742
SES-006581,0,Normal,0.068651,0.025465
SES-012996,0,Normal,0.095713,0.03502
SES-011397,0,Normal,0.093438,0.034217
SES-002068,0,Normal,0.048225,0.018253
SES-003898,0,Normal,0.065752,0.024441
SES-007652,0,Normal,0.005897,0.003307
SES-007602,0,Normal,0.006685,0.003585
SES-006232,0,Normal,0.069468,0.025754
SES-011325,0,Normal,0.075849,0.028007
SES-009912,0,Normal,0.115719,0.042084
SES-004959,0,Normal,0.122669,0.044538
SES-007887,0,Normal,0.121438,0.044104
SES-005821,1,Anomalous,0.141028,0.051021
SES-012189,0,Normal,0.056675,0.021236
SES-010343,0,Normal,0.009472,0.004569
SES-008582,0,Normal,0.084019,0.030891
SES-010202,0,Normal,0.108033,0.039371
SES-006625,0,Normal,0.11333,0.041241
SES-007146,0,Normal,0.098943,0.036161
SES-008135,0,Normal,0.086746,0.031854
SES-008661,0,Normal,0.064131,0.023869
SES-005119,0,Normal,0.062532,0.023304
SES-011984,0,Normal,0.114564,0.041677
SES-003634,0,Normal,0.049578,0.018731
SES-010987,0,Normal,0.082029,0.030189
SES-008964,0,Normal,0.071545,0.026487
SES-009463,0,Normal,0.095187,0.034835
SES-012389,0,Normal,0.047223,0.017899
SES-008827,0,Normal,0.037285,0.01439
SES-003052,0,Normal,0.059684,0.022299
SES-002004,1,Anomalous,0.126765,0.045985
SES-005210,0,Normal,0.065622,0.024395
SES-011237,0,Normal,0.05289,0.0199
SES-004215,0,Normal,0.045551,0.017308
SES-005759,0,Normal,0.059521,0.022241
SES-005685,0,Normal,0.077207,0.028486
SES-002701,0,Normal,0.061699,0.02301
SES-012438,0,Normal,0.043327,0.016523
SES-003730,0,Normal,0.06135,0.022887
SES-002640,0,Normal,0.066684,0.02477
SES-012321,0,Normal,0.041364,0.01583
SES-012655,0,Normal,0.030033,0.011829
SES-010551,0,Normal,0.080856,0.029774
SES-005462,0,Normal,0.05245,0.019744
SES-002223,0,Normal,0.119426,0.043393
SES-004516,0,Normal,0.058601,0.021916
SES-001461,0,Normal,0.029869,0.011771
SES-010719,0,Normal,0.114643,0.041705
SES-012167,0,Normal,0.054657,0.020524
SES-006515,1,Anomalous,0.416532,0.1483
SES-008542,0,Normal,0.08239,0.030316
SES-012770,1,Anomalous,0.142373,0.051496
SES-006059,1,Anomalous,0.137049,0.049616
SES-012757,0,Normal,0.069031,0.025599
SES-006739,0,Normal,0.061903,0.023082
SES-005579,0,Normal,0.098471,0.035994
SES-002249,0,Normal,0.093297,0.034168
SES-000259,0,Normal,0.074198,0.027424
SES-011900,0,Normal,0.009577,0.004606
SES-011812,0,Normal,0.080652,0.029703
SES-012990,1,Anomalous,0.134092,0.048572
SES-005501,0,Normal,0.037027,0.014299
SES-009406,0,Normal,0.034685,0.013472
SES-004650,0,Normal,0.073801,0.027284
SES-012467,0,Normal,0.009738,0.004663
SES-012367,0,Normal,0.092768,0.033981
SES-004555,0,Normal,0.063004,0.023471
SES-009095,0,Normal,0.079009,0.029122
SES-010247,0,Normal,0.054308,0.020401
SES-001624,0,Normal,0.043042,0.016423
SES-001373,0,Normal,0.078848,0.029065
SES-003619,0,Normal,0.108911,0.039681
SES-012360,0,Normal,0.052732,0.019844
SES-004558,0,Normal,0.093769,0.034334
SES-000618,0,Normal,0.030348,0.011941
SES-009970,0,Normal,0.041335,0.01582
SES-005763,0,Normal,0.04921,0.0186
SES-012668,0,Normal,0.040556,0.015545
SES-002056,0,Normal,0.092099,0.033744
