session_id,is_anomalous,attack_type,risk_score,reconstruction_error,anomaly_score,predicted_label
SES-005777,0,None,5.05,0.019836,0.05271,0
SES-011603,0,None,2.6,0.023163,0.06213,0
SES-005641,0,None,7.45,0.012876,0.032998,0
SES-002310,0,None,6.0,0.016428,0.043057,0
SES-002283,1,Lateral Movement,33.4,0.054415,0.150641,1
SES-001685,0,None,7.75,0.021906,0.058572,0
SES-000724,0,None,0.0,0.019068,0.050534,0
SES-006301,0,None,3.5833,0.039742,0.109086,0
SES-008862,0,None,2.1929,0.031017,0.084375,0
SES-011977,0,None,9.45,0.015762,0.04117,0
SES-004733,0,None,3.775,0.020687,0.05512,0
SES-011477,0,None,4.025,0.00441,0.009021,0
SES-009961,0,None,3.275,0.01515,0.039437,0
SES-002955,0,None,2.3,0.025682,0.069265,0
SES-004532,0,None,2.8,0.033132,0.090365,0
SES-000324,0,None,0.0,0.02563,0.069118,0
SES-004318,0,None,2.3409,0.025667,0.069224,0
SES-003867,0,None,6.5077,0.036704,0.100481,0
SES-009648,0,None,6.1562,0.023787,0.063899,0
SES-009682,0,None,5.0187,0.024741,0.066601,0
SES-008896,0,None,3.1857,0.034453,0.094106,0
SES-000898,1,Off-hours Access,22.58,0.016856,0.044271,0
SES-006381,1,Suspicious PowerShell,40.3167,0.036579,0.100126,0
SES-008558,0,None,2.025,0.027572,0.074617,0
SES-012343,0,None,4.15,0.020433,0.054399,0
SES-000694,0,None,5.4933,0.010666,0.026739,0
SES-000716,0,None,4.75,0.022542,0.060374,0
SES-009793,0,None,2.1,0.031901,0.08688,0
SES-001044,0,None,2.7937,0.034328,0.093751,0
SES-003589,0,None,5.4,0.02491,0.06708,0
SES-008915,0,None,5.0714,0.028774,0.078023,0
SES-008678,0,None,12.8375,0.031928,0.086955,0
SES-002754,0,None,9.0429,0.024616,0.066248,0
SES-002234,0,None,5.375,0.029853,0.081079,0
SES-003087,0,None,4.9594,0.043124,0.118664,0
SES-003320,0,None,5.9,0.010532,0.02636,0
SES-002467,1,Data Exfiltration,42.2,0.041004,0.112659,0
SES-006477,0,None,4.7143,0.037258,0.102049,0
SES-009540,0,None,4.1,0.035013,0.095691,0
SES-005507,0,None,2.6,0.028471,0.077164,0
SES-008508,0,None,11.3625,0.031892,0.086854,0
SES-005307,0,None,4.375,0.048104,0.132766,1
SES-006885,0,None,2.7071,0.039215,0.107592,0
SES-006384,0,None,4.0,0.018302,0.048364,0
SES-012662,1,Suspicious PowerShell,38.925,0.033228,0.090636,0
SES-005874,0,None,7.0071,0.046774,0.129,1
SES-005529,0,None,5.6,0.022088,0.059088,0
SES-001962,0,None,3.9141,0.029948,0.081346,0
SES-012108,0,None,3.7429,0.017587,0.046341,0
SES-005557,0,None,9.3125,0.035893,0.098184,0
SES-010713,0,None,7.5,0.02136,0.057024,0
SES-003902,0,None,2.2929,0.021673,0.057911,0
SES-001049,0,None,11.525,0.037832,0.103676,0
SES-006976,0,None,3.75,0.022107,0.05914,0
SES-000841,0,None,5.2143,0.03998,0.109758,0
SES-004957,0,None,2.875,0.03525,0.096364,0
SES-012182,0,None,5.8643,0.026523,0.071648,0
SES-000420,0,None,4.051,0.02925,0.079372,0
SES-001230,0,None,0.0,0.034156,0.093265,0
SES-003266,1,Low-and-Slow Exfiltration,42.1375,0.04689,0.12933,1
SES-008864,0,None,8.7071,0.033144,0.0904,0
SES-007813,0,None,4.5312,0.031892,0.086853,0
SES-001837,0,None,5.1429,0.024315,0.065393,0
SES-008381,0,None,1.3,0.033506,0.091424,0
SES-003728,0,None,2.75,0.021167,0.056479,0
SES-003934,0,None,3.85,0.01764,0.04649,0
SES-000137,0,None,0.0,0.017595,0.046363,0
SES-007321,0,None,4.1,0.021125,0.05636,0
SES-004759,0,None,3.675,0.041198,0.113209,0
SES-009329,0,None,4.9643,0.015112,0.039329,0
SES-006375,0,None,9.2313,0.045285,0.124782,0
SES-004688,0,None,0.6,0.003103,0.00532,0
SES-012932,0,None,2.55,0.028596,0.077517,0
SES-003223,0,None,4.7643,0.048805,0.134752,1
SES-007864,0,None,7.7125,0.027218,0.073616,0
SES-007839,0,None,3.525,0.015068,0.039205,0
SES-001472,0,None,3.5536,0.020947,0.055857,0
SES-006050,0,None,5.2,0.028064,0.076013,0
SES-007354,0,None,2.3833,0.027253,0.073715,0
SES-001143,0,None,6.5,0.004999,0.01069,0
SES-001673,0,None,4.4375,0.03065,0.083336,0
SES-002634,0,None,2.5167,0.035687,0.0976,0
SES-002175,0,None,5.4833,0.034831,0.095177,0
SES-001263,0,None,2.375,0.023891,0.064194,0
SES-002825,0,None,5.8929,0.040057,0.109977,0
SES-012450,0,None,5.875,0.021701,0.057991,0
SES-006781,0,None,2.55,0.024011,0.064533,0
SES-008930,0,None,0.75,0.003786,0.007255,0
SES-004809,0,None,5.725,0.010335,0.025801,0
SES-008185,1,Insider Threat,24.65,0.052022,0.143863,1
SES-007869,0,None,2.0937,0.027353,0.073999,0
SES-003936,0,None,6.2,0.022038,0.058945,0
SES-012168,0,None,7.7929,0.018106,0.04781,0
SES-003504,0,None,3.9187,0.04137,0.113696,0
SES-003079,0,None,4.9125,0.014114,0.036503,0
SES-006725,0,None,10.2038,0.045702,0.125965,1
SES-005609,0,None,4.425,0.019903,0.052899,0
SES-002927,0,None,1.05,0.00548,0.012052,0
SES-000934,0,None,5.875,0.014047,0.036315,0
SES-004643,0,None,10.5,0.025644,0.069157,0
SES-012147,0,None,6.8,0.020171,0.053659,0
SES-012299,0,None,5.925,0.020766,0.055344,0
SES-007760,1,USB Data Theft,34.6857,0.03714,0.101715,0
SES-010367,0,None,2.875,0.03373,0.092059,0
SES-009629,0,None,5.0438,0.034756,0.094965,0
SES-006280,0,None,2.8571,0.031574,0.085953,0
SES-005464,0,None,4.6286,0.017805,0.046957,0
SES-002548,0,None,2.675,0.017067,0.044868,0
SES-001036,0,None,5.1667,0.001808,0.001652,0
SES-007075,0,None,6.1,0.016265,0.042595,0
SES-009230,1,Data Exfiltration,42.25,0.035247,0.096353,0
SES-011999,0,None,7.1625,0.01726,0.045412,0
SES-000904,0,None,0.0,0.020521,0.05465,0
SES-001770,0,None,8.2857,0.020646,0.055002,0
SES-003162,1,Insider Threat,29.05,0.034395,0.093941,0
SES-003304,0,None,3.6808,0.051281,0.141765,1
SES-007218,0,None,5.625,0.030754,0.083629,0
SES-007773,0,None,4.1571,0.028339,0.076789,0
SES-006696,0,None,10.475,0.013761,0.035504,0
SES-002233,0,None,3.8214,0.021314,0.056895,0
SES-002774,0,None,3.9688,0.028114,0.076152,0
SES-010283,0,None,9.075,0.031582,0.085975,0
SES-000963,0,None,4.5,0.018814,0.049815,0
SES-001485,0,None,6.6607,0.02451,0.065947,0
SES-009558,0,None,3.975,0.022918,0.061438,0
SES-012215,0,None,1.925,0.022319,0.059741,0
SES-010027,1,Lateral Movement,38.15,0.046712,0.128824,1
SES-005265,0,None,4.6187,0.024468,0.065828,0
SES-004730,0,None,9.5,0.031381,0.085404,0
SES-000063,0,None,0.0,0.019364,0.051372,0
SES-009692,0,None,4.1875,0.024616,0.066246,0
SES-006016,0,None,5.45,0.028122,0.076175,0
SES-004131,0,None,3.9857,0.028287,0.076643,0
SES-007612,0,None,0.75,0.005284,0.011498,0
SES-011638,0,None,9.0714,0.03086,0.083931,0
SES-009537,0,None,3.9687,0.038339,0.105112,0
SES-010412,0,None,3.75,0.020145,0.053585,0
SES-012603,0,None,3.7125,0.021848,0.058406,0
SES-006052,0,None,6.7,0.035548,0.097206,0
SES-012078,0,None,5.9,0.025627,0.069109,0
SES-010836,0,None,2.7429,0.03924,0.107663,0
SES-011079,0,None,2.7786,0.025752,0.069464,0
SES-012899,0,None,3.8714,0.022676,0.060752,0
SES-010598,0,None,6.175,0.037876,0.1038,0
SES-003119,0,None,4.2,0.015899,0.041558,0
SES-002862,0,None,4.7269,0.036933,0.10113,0
SES-011017,0,None,4.3625,0.03018,0.082005,0
SES-012425,0,None,4.0,0.016657,0.043707,0
SES-005478,0,None,3.0,0.014004,0.036193,0
SES-005054,0,None,5.625,0.031424,0.085527,0
SES-008763,0,None,11.0227,0.039777,0.109184,0
SES-010623,0,None,4.575,0.005457,0.011987,0
SES-007288,0,None,3.65,0.062482,0.173488,1
SES-006835,0,None,3.2,0.018896,0.050047,0
SES-008220,1,Brute Force,36.1,0.33368,0.941546,1
SES-002044,0,None,11.1443,0.04482,0.123465,0
SES-004727,1,Suspicious PowerShell,46.6,0.02539,0.068439,0
SES-001203,0,None,7.1333,0.024728,0.066563,0
SES-006110,0,None,6.7731,0.047736,0.131724,1
SES-012556,0,None,6.7,0.036155,0.098927,0
SES-001112,0,None,6.625,0.018262,0.048251,0
SES-009155,0,None,6.9714,0.017516,0.046139,0
SES-011448,0,None,3.1313,0.038119,0.104487,0
SES-005488,0,None,2.7563,0.028643,0.077651,0
SES-011129,0,None,5.0,0.014823,0.038511,0
SES-003020,0,None,5.3375,0.01705,0.044818,0
SES-009997,0,None,7.2667,0.034174,0.093315,0
SES-011826,1,Data Exfiltration,42.9,0.039592,0.108659,0
SES-006295,0,None,2.6071,0.019416,0.051519,0
SES-001912,0,None,2.5,0.018508,0.048949,0
SES-003181,1,Malware Execution,41.0562,0.032717,0.089189,0
SES-009887,0,None,8.4,0.009898,0.024565,0
SES-006185,0,None,2.7,0.031836,0.086694,0
SES-004076,0,None,3.55,0.020346,0.054154,0
SES-003523,0,None,13.0036,0.051958,0.143681,1
SES-000062,0,None,0.0,0.022606,0.060554,0
SES-010328,0,None,4.8875,0.04706,0.129811,1
SES-005397,0,None,4.1571,0.024965,0.067234,0
SES-008751,0,None,6.7,0.004899,0.010407,0
SES-002756,0,None,6.4286,0.033768,0.092166,0
SES-006937,0,None,1.9,0.030307,0.082363,0
SES-006366,0,None,2.0,0.026061,0.07034,0
SES-011301,1,USB Data Theft,38.4179,0.062068,0.172313,1
SES-010152,0,None,4.2167,0.031837,0.086696,0
SES-009981,1,Malware Execution,48.8188,0.133185,0.373725,1
SES-007023,0,None,3.6857,0.026516,0.071628,0
SES-004831,0,None,5.125,0.029254,0.079381,0
SES-011164,0,None,5.0,0.030441,0.082743,0
SES-004830,1,Impossible Travel,36.85,0.01425,0.036888,0
SES-007909,0,None,10.15,0.022995,0.061655,0
SES-012345,0,None,11.925,0.00981,0.024316,0
SES-004566,0,None,2.875,0.028661,0.077702,0
SES-007245,0,None,5.6125,0.030001,0.081497,0
SES-007524,0,None,7.4,0.008464,0.020501,0
SES-003644,0,None,7.6071,0.020444,0.054431,0
SES-002938,0,None,3.825,0.031486,0.085704,0
SES-002212,0,None,5.5,0.024776,0.066699,0
SES-000100,0,None,0.0,0.025614,0.069072,0
SES-004878,0,None,4.25,0.012608,0.032239,0
SES-006473,0,None,6.8,0.017043,0.044798,0
SES-012050,0,None,2.125,0.017837,0.047048,0
SES-001164,0,None,4.0,0.021707,0.058009,0
SES-007672,0,None,6.4909,0.033355,0.090995,0
SES-004915,0,None,2.1,0.030519,0.082964,0
SES-001016,0,None,3.6667,0.036683,0.10042,0
SES-012544,0,None,6.7875,0.031657,0.086188,0
SES-012364,0,None,3.7071,0.035368,0.096697,0
SES-006552,0,None,10.825,0.030573,0.083118,0
SES-010309,0,None,2.9143,0.042181,0.115992,0
SES-011720,0,None,3.9143,0.032087,0.087404,0
SES-011967,0,None,9.6333,0.023032,0.06176,0
SES-006516,0,None,6.2,0.023594,0.063351,0
SES-001423,0,None,2.05,0.018061,0.047683,0
SES-011604,0,None,6.725,0.031049,0.084465,0
SES-010360,0,None,3.9333,0.042743,0.117585,0
SES-006579,1,Data Exfiltration,42.9077,0.051736,0.143052,1
SES-006167,0,None,6.3625,0.022242,0.059522,0
SES-012281,0,None,4.1063,0.018888,0.050026,0
SES-001091,0,None,3.2143,0.022489,0.060222,0
SES-000795,0,None,5.1571,0.022846,0.061235,0
SES-011565,0,None,5.4357,0.022391,0.059945,0
SES-005407,0,None,6.0125,0.02092,0.055779,0
SES-007739,0,None,2.2563,0.033256,0.090715,0
SES-008548,0,None,2.6937,0.026561,0.071755,0
SES-006672,0,None,6.8125,0.029437,0.079901,0
SES-002791,0,None,4.975,0.026546,0.071714,0
SES-012138,0,None,2.0357,0.030097,0.081768,0
SES-010245,0,None,7.55,0.020509,0.054615,0
SES-002231,0,None,2.7,0.032968,0.0899,0
SES-008851,0,None,10.05,0.019998,0.053168,0
SES-009930,0,None,4.0125,0.027446,0.074263,0
SES-000454,0,None,0.0,0.027977,0.075766,0
SES-003669,0,None,0.75,0.002688,0.004144,0
SES-005269,0,None,4.15,0.02801,0.07586,0
SES-008477,0,None,2.1,0.028517,0.077293,0
SES-005264,0,None,11.7114,0.048048,0.132609,1
SES-007175,0,None,10.825,0.035362,0.096679,0
SES-010744,0,None,5.3,0.016185,0.042368,0
SES-011235,0,None,4.2,0.035318,0.096555,0
SES-008035,0,None,4.4,0.027484,0.074369,0
SES-006692,0,None,2.5812,0.029951,0.081357,0
SES-008387,0,None,4.775,0.014944,0.038854,0
SES-005935,0,None,3.6719,0.038594,0.105834,0
SES-000721,0,None,3.7,0.016798,0.044106,0
SES-002773,0,None,6.6643,0.035105,0.095951,0
SES-009437,1,Brute Force,37.4929,0.083915,0.234186,1
SES-008322,0,None,3.6167,0.032718,0.089193,0
SES-000307,0,None,0.0,0.017161,0.045133,0
SES-003808,0,None,6.6687,0.027518,0.074465,0
SES-007824,0,None,6.0737,0.04477,0.123326,0
SES-006133,0,None,4.2143,0.028492,0.077225,0
SES-011901,0,None,1.05,0.003993,0.007839,0
SES-008892,0,None,5.8318,0.035627,0.09743,0
SES-004564,0,None,4.4,0.016441,0.043095,0
SES-007370,0,None,3.0,0.030603,0.083203,0
SES-007826,0,None,2.75,0.022126,0.059194,0
SES-001572,0,None,5.2679,0.040098,0.110093,0
SES-006815,0,None,2.8429,0.028177,0.076333,0
SES-012815,0,None,3.4714,0.023179,0.062176,0
SES-008766,0,None,5.9,0.039452,0.108263,0
SES-012917,1,Suspicious PowerShell,39.1167,0.035196,0.096211,0
SES-004943,0,None,3.925,0.03147,0.085658,0
SES-009769,0,None,2.2071,0.019609,0.052067,0
SES-012055,0,None,1.625,0.018793,0.049754,0
SES-003368,0,None,3.075,0.029455,0.07995,0
SES-005658,0,None,5.6,0.027425,0.074202,0
SES-010658,0,None,8.5,0.032328,0.088089,0
SES-000288,1,Privilege Escalation,38.0,0.041189,0.113182,0
SES-004524,0,None,9.45,0.022956,0.061545,0
SES-001973,0,None,0.4625,0.032795,0.089409,0
SES-003787,0,None,3.5833,0.041129,0.113014,0
SES-008231,0,None,5.05,0.01301,0.033377,0
SES-003624,0,None,8.55,0.005166,0.011163,0
SES-005918,0,None,6.65,0.017635,0.046477,0
SES-012250,0,None,5.85,0.02721,0.073593,0
SES-007617,0,None,3.4929,0.028436,0.077064,0
SES-003399,1,Device Spoofing,37.9,0.024585,0.066159,0
SES-000848,0,None,1.402,0.024832,0.066857,0
SES-008202,0,None,7.4071,0.040059,0.109984,0
SES-000168,0,None,0.0,0.024238,0.065176,0
SES-009049,0,None,4.6286,0.045942,0.126644,1
SES-002652,0,None,3.025,0.03421,0.093416,0
SES-001918,0,None,3.7,0.016109,0.042155,0
SES-008445,0,None,3.9,0.01057,0.026466,0
SES-007213,0,None,3.6312,0.028914,0.07842,0
SES-009240,0,None,12.4625,0.045003,0.123985,0
SES-005886,0,None,8.3,0.060172,0.166944,1
SES-011756,0,None,6.95,0.018925,0.05013,0
SES-012290,0,None,5.9875,0.02712,0.073339,0
SES-007541,0,None,5.8727,0.042883,0.11798,0
SES-008380,0,None,6.7364,0.046819,0.129127,1
SES-003522,0,None,6.35,0.012202,0.031088,0
SES-000086,0,None,0.0,0.02116,0.056459,0
SES-008944,0,None,4.05,0.001754,0.001499,0
SES-000275,0,None,0.0,0.02977,0.080842,0
SES-009215,1,Data Exfiltration,41.8357,0.032245,0.087854,0
SES-001281,0,None,4.4375,0.018593,0.04919,0
SES-007894,0,None,3.7125,0.022689,0.060789,0
SES-010215,0,None,10.975,0.036826,0.100828,0
SES-011207,0,None,3.8375,0.027484,0.07437,0
SES-005686,0,None,4.0875,0.021438,0.057246,0
SES-009967,0,None,3.5,0.0133,0.034198,0
SES-007036,0,None,4.75,0.001839,0.001741,0
SES-010592,0,None,11.525,0.037227,0.101962,0
SES-005585,0,None,9.8452,0.045467,0.125299,0
SES-005779,0,None,3.55,0.026422,0.071361,0
SES-000691,0,None,2.4524,0.034891,0.095345,0
SES-006393,0,None,4.525,0.02117,0.056488,0
SES-000797,0,None,4.575,0.03561,0.097381,0
SES-006640,0,None,5.5625,0.022495,0.06024,0
SES-001814,0,None,5.3,0.022023,0.058902,0
SES-002104,0,None,6.6212,0.061829,0.171636,1
SES-012112,0,None,4.0,0.028616,0.077575,0
SES-005260,0,None,6.575,0.014924,0.038797,0
SES-003339,0,None,9.2,0.019386,0.051435,0
SES-000249,0,None,0.0,0.013959,0.036066,0
SES-002083,0,None,2.9333,0.038042,0.10427,0
SES-003027,0,None,5.7,0.031734,0.086405,0
SES-007803,0,None,9.2375,0.012485,0.031889,0
SES-002064,0,None,2.2929,0.032204,0.087737,0
SES-002028,1,Beaconing C2,38.925,0.073289,0.204093,1
SES-005072,0,None,3.5937,0.026121,0.070509,0
SES-002766,0,None,2.925,0.05078,0.140345,1
SES-002211,0,None,7.5562,0.026396,0.071288,0
SES-007390,0,None,3.95,0.038214,0.104756,0
SES-006915,0,None,6.5875,0.011355,0.028691,0
SES-008694,0,None,4.675,0.016695,0.043813,0
SES-008214,0,None,3.8286,0.026119,0.070504,0
SES-012637,0,None,3.5786,0.033369,0.091035,0
SES-005353,0,None,3.1833,0.024972,0.067255,0
SES-004401,0,None,2.7214,0.010538,0.026376,0
SES-006113,0,None,4.5625,0.025776,0.069531,0
SES-012952,0,None,4.05,0.043703,0.120302,0
SES-012348,0,None,2.675,0.036651,0.10033,0
SES-004009,0,None,4.2,0.02971,0.080673,0
SES-003742,0,None,4.1,0.021324,0.056922,0
SES-012989,0,None,6.3,0.033054,0.090143,0
SES-012093,0,None,2.0929,0.020123,0.053521,0
SES-002526,0,None,3.8,0.0362,0.099055,0
SES-007101,0,None,3.9313,0.043891,0.120836,0
SES-001663,0,None,3.2,0.02201,0.058866,0
SES-006225,0,None,3.9714,0.029167,0.079136,0
SES-011622,0,None,3.8875,0.034243,0.093511,0
SES-010652,0,None,6.0,0.029455,0.07995,0
SES-001753,0,None,4.1,0.023191,0.06221,0
SES-006086,0,None,9.1,0.021966,0.05874,0
SES-000390,1,Brute Force,32.0,0.149405,0.41966,1
SES-007737,0,None,3.575,0.016514,0.0433,0
SES-012106,0,None,8.35,0.025044,0.067458,0
SES-011487,0,None,4.5,0.031629,0.086108,0
SES-006396,0,None,4.5,0.020651,0.055018,0
SES-004932,0,None,3.7,0.027475,0.074342,0
SES-010131,0,None,6.7,0.03898,0.106926,0
SES-001321,0,None,3.7273,0.017659,0.046544,0
SES-000005,0,None,0.0,0.002203,0.00277,0
SES-005308,0,None,5.275,0.014675,0.038092,0
SES-004848,0,None,7.9857,0.04454,0.122673,0
SES-007194,0,None,3.45,0.039643,0.108805,0
SES-001838,0,None,6.3429,0.019657,0.052201,0
SES-006042,0,None,3.7,0.02552,0.068808,0
SES-001434,0,None,3.6929,0.048479,0.133828,1
SES-001389,0,None,5.7375,0.030384,0.082583,0
SES-009841,0,None,2.575,0.03231,0.088036,0
SES-010517,0,None,9.75,0.029952,0.081359,0
SES-000088,1,Beaconing C2,34.0,0.034824,0.095156,0
SES-012730,0,None,2.3,0.027804,0.075276,0
SES-005194,0,None,6.3,0.012269,0.03128,0
SES-008332,0,None,3.4,0.034372,0.093876,0
SES-011663,0,None,3.3179,0.041767,0.11482,0
SES-001667,0,None,3.3036,0.025719,0.069371,0
SES-009553,0,None,4.5125,0.034433,0.094048,0
SES-008221,0,None,6.9687,0.028377,0.076899,0
SES-009509,0,None,5.2,0.004708,0.009866,0
SES-002900,1,Off-hours Access,28.3,0.037441,0.102567,0
SES-006785,0,None,3.35,0.025661,0.069206,0
SES-001767,0,None,9.0929,0.031627,0.086102,0
SES-002103,0,None,4.35,0.043811,0.120608,0
SES-012063,0,None,4.825,0.024457,0.065796,0
SES-001138,0,None,3.7429,0.019105,0.05064,0
SES-005638,0,None,4.1786,0.026778,0.07237,0
SES-007898,0,None,3.675,0.023854,0.06409,0
SES-004172,0,None,3.7333,0.032197,0.087716,0
SES-004750,0,None,10.9786,0.020477,0.054524,0
SES-012686,0,None,3.3,0.029024,0.07873,0
SES-003661,0,None,6.4,0.019921,0.05295,0
SES-008391,0,None,2.8,0.030366,0.082531,0
SES-003904,0,None,8.7,0.029882,0.081162,0
SES-005479,1,Low-and-Slow Exfiltration,40.1167,0.028896,0.078369,0
SES-012826,0,None,4.5545,0.037996,0.104141,0
SES-009762,0,None,3.95,0.025934,0.069979,0
SES-012661,0,None,5.2429,0.028788,0.078061,0
SES-010063,0,None,0.75,0.00466,0.009729,0
SES-008007,0,None,3.2,0.028173,0.076319,0
SES-001701,0,None,6.9062,0.027489,0.074384,0
SES-012204,0,None,3.9143,0.048877,0.134956,1
SES-006438,0,None,2.9143,0.035262,0.096397,0
SES-004760,0,None,9.975,0.041928,0.115277,0
SES-007980,0,None,10.3643,0.048892,0.134999,1
SES-002558,0,None,2.0375,0.028354,0.076834,0
SES-000936,0,None,0.0,0.026,0.070167,0
SES-005004,0,None,4.05,0.021466,0.057325,0
SES-009156,0,None,3.7357,0.027842,0.075383,0
SES-005183,0,None,4.8,0.024267,0.065259,0
SES-011542,0,None,3.1143,0.027186,0.073526,0
SES-001300,0,None,2.1162,0.028689,0.077783,0
SES-001782,0,None,6.8068,0.050435,0.139367,1
SES-009248,0,None,3.0429,0.030097,0.08177,0
SES-007010,0,None,8.5143,0.03209,0.087412,0
SES-012077,0,None,4.0062,0.036924,0.101103,0
SES-006726,0,None,9.15,0.020904,0.055734,0
SES-002263,0,None,5.7143,0.016061,0.042017,0
SES-010768,0,None,1.6286,0.027542,0.074533,0
SES-007270,1,Insider Threat,27.1167,0.046651,0.128653,1
SES-001888,0,None,6.8,0.029068,0.078854,0
SES-012448,0,None,5.5,0.022402,0.059975,0
SES-006267,0,None,2.1125,0.017662,0.046553,0
SES-002648,1,Impossible Travel,25.4,0.023144,0.062077,0
SES-011796,0,None,11.1,0.030223,0.082125,0
SES-000547,0,None,7.9429,0.035451,0.096933,0
SES-004472,0,None,4.9538,0.045029,0.124058,0
SES-000614,1,Privilege Escalation,41.375,0.343509,0.969385,1
SES-011441,0,None,0.9,0.003241,0.005709,0
SES-002718,0,None,11.3988,0.026499,0.071578,0
SES-007564,0,None,3.5929,0.024111,0.064817,0
SES-008225,0,None,10.4,0.038993,0.106963,0
SES-011143,0,None,11.525,0.016716,0.043874,0
SES-009576,0,None,3.925,0.017738,0.046767,0
SES-007159,0,None,3.725,0.051057,0.141129,1
SES-002019,0,None,3.275,0.027639,0.074808,0
SES-004357,0,None,6.8167,0.031299,0.085173,0
SES-010782,1,USB Data Theft,37.025,0.013119,0.033687,0
SES-006855,0,None,4.1,0.024989,0.067302,0
SES-007099,0,None,4.6,0.021128,0.056369,0
SES-007754,0,None,3.5,0.030021,0.081554,0
SES-008806,0,None,2.8714,0.02758,0.074641,0
SES-006211,0,None,1.9182,0.031212,0.084928,0
SES-005913,0,None,5.975,0.044452,0.122424,0
SES-007715,0,None,7.3786,0.023038,0.061778,0
SES-010754,0,None,7.85,0.036696,0.100457,0
SES-006708,0,None,10.5313,0.035179,0.096163,0
SES-012586,0,None,5.4286,0.034589,0.09449,0
SES-003121,0,None,7.55,0.031806,0.08661,0
SES-000234,0,None,0.0,0.02926,0.0794,0
SES-009360,0,None,8.875,0.038203,0.104726,0
SES-007712,0,None,1.0,0.004599,0.009555,0
SES-003431,0,None,1.8,0.028364,0.076861,0
SES-011674,0,None,7.4,0.041384,0.113734,0
SES-010135,0,None,3.9429,0.032095,0.087429,0
SES-007476,0,None,9.7562,0.038824,0.106484,0
SES-003984,0,None,7.6357,0.029803,0.080937,0
SES-001232,0,None,8.95,0.02228,0.059631,0
SES-011541,1,Low-and-Slow Exfiltration,43.3643,0.060677,0.168375,1
SES-012270,0,None,3.9167,0.027053,0.073148,0
SES-003141,0,None,6.2769,0.052128,0.144162,1
SES-008070,0,None,4.25,0.029043,0.078785,0
SES-010907,0,None,5.2346,0.038502,0.105574,0
SES-000832,0,None,1.65,0.021919,0.05861,0
SES-005037,0,None,5.825,0.044069,0.12134,0
SES-002589,0,None,4.0875,0.02668,0.072092,0
SES-011641,0,None,3.1071,0.025087,0.06758,0
SES-000867,0,None,0.0,0.024651,0.066345,0
SES-006246,0,None,4.525,0.015746,0.041126,0
SES-004647,0,None,3.55,0.028531,0.077334,0
SES-010759,0,None,7.6846,0.042892,0.118006,0
SES-012473,0,None,5.1,0.029999,0.081493,0
SES-004303,0,None,2.4,0.026029,0.070248,0
SES-010662,0,None,8.8357,0.025123,0.067683,0
SES-010849,0,None,4.5333,0.032494,0.088557,0
SES-012567,0,None,4.275,0.018285,0.048317,0
SES-008306,0,None,3.025,0.028825,0.078167,0
SES-001798,0,None,2.2857,0.046835,0.129172,1
SES-001160,0,None,0.0,0.025241,0.068017,0
SES-003864,0,None,11.2773,0.048259,0.133205,1
SES-010959,1,Brute Force,36.0682,0.145192,0.40773,1
SES-011854,0,None,10.5,0.028979,0.078604,0
SES-000876,1,USB Data Theft,36.8958,0.033292,0.090818,0
SES-007277,0,None,4.0656,0.041466,0.113968,0
SES-000333,0,None,0.0,0.036527,0.099979,0
SES-005949,0,None,3.2,0.003419,0.006214,0
SES-005186,0,None,7.2393,0.040299,0.110663,0
SES-011299,0,None,5.35,0.025359,0.06835,0
SES-012720,0,None,6.4571,0.022573,0.060462,0
SES-002776,0,None,7.825,0.016269,0.042607,0
SES-010252,1,Privilege Escalation,40.8,0.042627,0.117255,0
SES-004162,0,None,5.45,0.04051,0.111259,0
SES-002258,0,None,3.9,0.030149,0.081915,0
SES-010854,0,None,4.0,0.017978,0.047448,0
SES-012067,0,None,3.85,0.02587,0.069798,0
SES-009303,0,None,2.7375,0.035276,0.096436,0
SES-004577,0,None,9.125,0.025475,0.068679,0
SES-002895,1,Suspicious PowerShell,43.0853,0.072956,0.203151,1
SES-006928,0,None,11.65,0.015361,0.040036,0
SES-001079,0,None,7.1102,0.043429,0.119525,0
SES-002078,0,None,3.3571,0.031906,0.086892,0
SES-008478,0,None,10.0357,0.018823,0.049841,0
SES-009729,0,None,1.9833,0.037461,0.102626,0
SES-006195,0,None,9.775,0.005164,0.011157,0
SES-005896,0,None,0.75,0.001934,0.002009,0
SES-008734,0,None,4.575,0.034146,0.093237,0
SES-009371,0,None,3.2,0.03666,0.100356,0
SES-009951,0,None,7.05,0.020648,0.055009,0
SES-007315,0,None,1.8937,0.029705,0.08066,0
SES-006135,0,None,9.3375,0.022696,0.060808,0
SES-006839,0,None,4.375,0.014596,0.037868,0
SES-011028,0,None,11.2769,0.048142,0.132875,1
SES-012339,0,None,5.875,0.046165,0.127276,1
SES-003885,0,None,9.575,0.016651,0.043688,0
SES-006433,0,None,4.6,0.021057,0.056166,0
SES-008488,0,None,7.975,0.032261,0.087897,0
SES-008308,0,None,3.65,0.031832,0.086682,0
SES-009308,0,None,2.1125,0.023813,0.063973,0
SES-011186,0,None,3.825,0.006889,0.016042,0
SES-002389,0,None,5.45,0.029353,0.079661,0
SES-008934,0,None,2.1,0.005033,0.010786,0
SES-004139,0,None,4.2333,0.037194,0.101869,0
SES-010158,0,None,11.8,0.011055,0.027841,0
SES-004434,0,None,4.7,0.026157,0.070612,0
SES-001789,0,None,2.45,0.008289,0.020006,0
SES-012570,0,None,5.85,0.052394,0.144917,1
SES-011042,0,None,3.15,0.040024,0.109883,0
SES-006662,0,None,10.85,0.032648,0.088993,0
SES-009920,0,None,6.8,0.033097,0.090266,0
SES-006949,1,Impossible Travel,35.2147,0.046483,0.128177,1
SES-000361,0,None,0.0,0.02892,0.078437,0
SES-009523,0,None,0.9,0.002822,0.004524,0
SES-007190,0,None,4.15,0.020449,0.054444,0
SES-006392,0,None,6.2167,0.044201,0.121713,0
SES-003291,0,None,4.05,0.017829,0.047025,0
SES-001351,1,Brute Force,38.5333,0.153461,0.43115,1
SES-012298,0,None,5.2333,0.032679,0.089083,0
SES-009794,0,None,4.5,0.021369,0.057052,0
SES-012997,0,None,4.5375,0.033398,0.091118,0
SES-002982,0,None,2.35,0.031333,0.085269,0
SES-011458,0,None,4.0531,0.046664,0.128689,1
SES-007853,1,Credential Stuffing,36.15,0.116365,0.32609,1
SES-004729,1,Malware Execution,44.425,0.255064,0.718898,1
SES-001111,0,None,0.0,0.032353,0.088158,0
SES-012950,0,None,3.6562,0.037825,0.103656,0
SES-003186,0,None,11.2,0.050756,0.140278,1
SES-001914,0,None,4.4583,0.018826,0.04985,0
SES-012213,0,None,3.15,0.00505,0.010834,0
SES-002818,0,None,3.475,0.028441,0.077079,0
SES-006512,0,None,4.6929,0.033045,0.090118,0
SES-010952,0,None,9.325,0.015314,0.039903,0
SES-009125,0,None,2.95,0.036366,0.099524,0
SES-012230,0,None,4.5,0.030577,0.083128,0
SES-012528,0,None,2.8,0.036065,0.098672,0
SES-002688,0,None,3.9375,0.024986,0.067294,0
SES-008910,0,None,5.05,0.037225,0.101957,0
SES-003666,0,None,3.5667,0.04103,0.112734,0
SES-011921,0,None,4.9062,0.032253,0.087875,0
SES-012578,0,None,3.9333,0.032303,0.088018,0
SES-010585,0,None,6.8625,0.04039,0.110919,0
SES-000211,0,None,5.2333,0.029935,0.081312,0
SES-003646,0,None,3.5063,0.035262,0.096398,0
SES-011462,0,None,2.775,0.044745,0.123254,0
SES-005608,1,Malware Execution,42.875,0.024105,0.064801,0
SES-006149,0,None,8.4,0.029405,0.07981,0
SES-007223,0,None,5.6821,0.055169,0.152775,1
SES-002134,0,None,4.1,0.010397,0.025977,0
SES-000109,0,None,0.0,0.025853,0.069751,0
SES-010663,0,None,6.1036,0.044764,0.123309,0
SES-001083,0,None,6.0714,0.021833,0.058365,0
SES-008132,0,None,6.2,0.029099,0.078942,0
SES-008344,0,None,2.7187,0.03716,0.101772,0
SES-007248,0,None,7.8333,0.039336,0.107934,0
SES-000906,0,None,5.25,0.022167,0.05931,0
SES-012737,0,None,4.3929,0.032563,0.088755,0
SES-003338,0,None,5.4,0.020423,0.054372,0
SES-004659,0,None,3.8857,0.026658,0.07203,0
SES-001405,0,None,3.8045,0.052814,0.146107,1
SES-012953,0,None,3.7857,0.022859,0.06127,0
SES-003667,0,None,4.5937,0.027075,0.073211,0
SES-011428,0,None,5.45,0.016386,0.042937,0
SES-009711,0,None,5.75,0.028353,0.076831,0
SES-005358,1,Data Exfiltration,42.3429,0.044365,0.122177,0
SES-007865,0,None,1.9071,0.022318,0.059738,0
SES-005556,0,None,4.6,0.022143,0.059243,0
SES-003995,0,None,6.8312,0.036446,0.099751,0
SES-009725,0,None,7.0857,0.033273,0.090764,0
SES-002357,0,None,7.6167,0.043673,0.120218,0
SES-008832,0,None,3.4,0.002882,0.004693,0
SES-004257,0,None,7.35,0.01927,0.051107,0
SES-000858,0,None,3.1333,0.021568,0.057615,0
SES-011804,0,None,1.3,0.002638,0.004003,0
SES-006575,0,None,5.7,0.016419,0.043032,0
SES-002293,0,None,4.7,0.021672,0.057909,0
SES-002232,0,None,5.35,0.022496,0.060244,0
SES-008700,0,None,5.8188,0.027624,0.074764,0
SES-008606,1,Malware Execution,42.7,0.138052,0.387509,1
SES-003009,0,None,2.1,0.00941,0.023181,0
SES-007247,0,None,8.9,0.024863,0.066947,0
SES-004583,0,None,4.2429,0.029215,0.079271,0
SES-000592,0,None,6.4333,0.016386,0.042937,0
SES-005031,0,None,2.2,0.020581,0.054819,0
SES-011041,0,None,1.525,0.03163,0.086112,0
SES-006106,0,None,5.6947,0.036127,0.098848,0
SES-012336,0,None,2.975,0.025325,0.068254,0
SES-007738,0,None,2.15,0.021079,0.056231,0
SES-006551,1,Credential Stuffing,36.05,0.090693,0.253382,1
SES-007727,0,None,5.35,0.012844,0.032906,0
SES-012835,0,None,4.3,0.023319,0.062572,0
SES-009872,0,None,3.9875,0.042541,0.117012,0
SES-005014,0,None,8.75,0.028985,0.07862,0
SES-005693,0,None,5.0818,0.035769,0.097834,0
SES-011381,0,None,1.35,0.028841,0.078213,0
SES-009149,0,None,2.1786,0.02287,0.061303,0
SES-008849,0,None,3.9562,0.025044,0.067459,0
SES-005447,0,None,10.4357,0.022052,0.058986,0
SES-010871,0,None,4.125,0.027903,0.075556,0
SES-009969,0,None,1.425,0.017432,0.045902,0
SES-009444,1,Privilege Escalation,43.9286,0.115676,0.324139,1
SES-006676,0,None,2.1929,0.026019,0.070219,0
SES-011287,0,None,4.325,0.03684,0.100867,0
SES-007477,0,None,4.025,0.033121,0.090334,0
SES-008453,0,None,5.875,0.02577,0.069515,0
SES-001916,0,None,4.6375,0.015697,0.040988,0
SES-004061,0,None,7.45,0.025576,0.068965,0
SES-011352,0,None,1.0,0.021505,0.057435,0
SES-012380,1,Insider Threat,29.8875,0.043866,0.120765,0
SES-010334,0,None,1.95,0.015129,0.03938,0
SES-001012,0,None,0.0,0.023577,0.063303,0
SES-008875,0,None,2.825,0.013607,0.035069,0
SES-008854,0,None,10.1,0.029436,0.079897,0
SES-000083,0,None,0.0,0.025484,0.068706,0
SES-002456,0,None,10.585,0.050294,0.13897,1
SES-005566,0,None,1.7929,0.025629,0.069115,0
SES-002808,0,None,3.725,0.021148,0.056424,0
SES-012634,0,None,4.35,0.009812,0.024319,0
SES-007637,0,None,8.3,0.028288,0.076645,0
SES-012187,0,None,4.7833,0.036335,0.099437,0
SES-005327,0,None,2.6,0.025932,0.069974,0
SES-005757,0,None,5.0167,0.025604,0.069045,0
SES-009265,0,None,4.975,0.030766,0.083664,0
SES-009457,0,None,3.6,0.025014,0.067374,0
SES-006020,0,None,3.875,0.023371,0.062722,0
SES-001926,0,None,4.025,0.043965,0.121044,0
SES-010630,0,None,3.6,0.009387,0.023115,0
SES-005632,0,None,6.1929,0.021384,0.057094,0
SES-009458,0,None,8.8429,0.021451,0.057283,0
SES-007762,0,None,4.95,0.031475,0.085673,0
SES-006306,0,None,3.9786,0.023718,0.063702,0
SES-000634,0,None,0.0,0.031479,0.085683,0
SES-005211,0,None,4.625,0.047665,0.131523,1
SES-001103,0,None,5.381,0.028164,0.076293,0
SES-010126,0,None,9.0857,0.017819,0.046997,0
SES-009079,0,None,5.0214,0.027473,0.074338,0
SES-011230,0,None,4.7,0.018954,0.05021,0
SES-012423,0,None,3.65,0.021254,0.056725,0
SES-012537,1,Lateral Movement,37.4625,0.035882,0.098154,0
SES-006091,0,None,1.5929,0.026629,0.071949,0
SES-007436,1,Malware Execution,49.2,0.040198,0.110378,0
SES-003548,0,None,0.6667,0.002642,0.004014,0
SES-001732,0,None,11.1875,0.028074,0.076041,0
SES-004481,0,None,4.025,0.009783,0.024239,0
SES-004908,0,None,4.9893,0.043036,0.118413,0
SES-009998,0,None,4.825,0.013887,0.035862,0
SES-002176,0,None,2.8187,0.028783,0.078049,0
SES-010595,0,None,5.0625,0.013834,0.03571,0
SES-010435,0,None,4.1,0.022255,0.05956,0
SES-005302,0,None,5.5,0.045692,0.125937,1
SES-003231,0,None,2.2188,0.029299,0.07951,0
SES-000620,0,None,1.25,0.005281,0.011488,0
SES-013013,0,None,6.2731,0.040976,0.11258,0
SES-007116,0,None,4.6,0.029585,0.080318,0
SES-006364,0,None,2.8357,0.018136,0.047895,0
SES-009947,0,None,4.0,0.025633,0.069126,0
SES-009035,0,None,2.8375,0.015325,0.039933,0
SES-007504,0,None,8.8,0.018355,0.048513,0
SES-001117,0,None,4.9925,0.049849,0.137709,1
SES-012004,0,None,10.8273,0.045799,0.126239,1
SES-010499,0,None,3.95,0.026221,0.070792,0
SES-001511,1,Credential Stuffing,39.6571,0.227023,0.639483,1
SES-000138,0,None,0.0,0.0309,0.084044,0
SES-005286,0,None,4.9938,0.028279,0.07662,0
SES-000509,0,None,0.0,0.025373,0.06839,0
SES-001844,0,None,1.725,0.022641,0.060654,0
SES-001418,0,None,6.4107,0.029574,0.080287,0
SES-007034,0,None,8.3625,0.018369,0.048556,0
SES-005753,0,None,11.6857,0.022834,0.061199,0
SES-006548,0,None,6.1,0.022882,0.061335,0
SES-011370,0,None,7.025,0.010669,0.026747,0
SES-004330,0,None,5.65,0.020806,0.055456,0
SES-009263,1,Insider Drift,24.9286,0.039698,0.10896,0
SES-001995,1,Low-and-Slow Exfiltration,42.1,0.04573,0.126044,1
SES-006727,0,None,11.0,0.038975,0.106913,0
SES-012871,0,None,3.55,0.012877,0.033002,0
SES-008236,0,None,2.7857,0.030394,0.082611,0
SES-002531,0,None,4.8575,0.024725,0.066554,0
SES-000456,0,None,0.0,0.02982,0.080984,0
SES-004520,0,None,9.0714,0.03478,0.095032,0
SES-000218,0,None,0.0,0.026753,0.0723,0
SES-005270,0,None,5.05,0.032535,0.088673,0
SES-010148,0,None,3.3688,0.030178,0.081998,0
SES-003811,0,None,4.5714,0.020565,0.054773,0
SES-007538,0,None,9.7625,0.020636,0.054975,0
SES-007669,0,None,11.5227,0.042111,0.115794,0
SES-004928,0,None,8.8875,0.020679,0.055097,0
SES-005487,0,None,5.7,0.013849,0.035754,0
SES-001991,0,None,3.8833,0.02946,0.079965,0
SES-007944,0,None,2.55,0.011147,0.028101,0
SES-003422,0,None,7.7125,0.023772,0.063856,0
SES-011630,0,None,6.7,0.034297,0.093664,0
SES-004510,0,None,4.2562,0.023296,0.062507,0
SES-000427,0,None,0.0,0.031007,0.084346,0
SES-005130,0,None,4.3875,0.015011,0.039043,0
SES-002205,0,None,8.1375,0.02143,0.057225,0
SES-010324,0,None,3.1143,0.030802,0.083764,0
SES-008294,0,None,4.0786,0.032105,0.087457,0
SES-003232,0,None,5.3125,0.036689,0.100438,0
SES-005155,0,None,7.6286,0.028436,0.077065,0
SES-010403,0,None,7.0286,0.034733,0.094898,0
SES-005218,0,None,8.925,0.028349,0.076819,0
SES-003457,0,None,4.3,0.022498,0.060248,0
SES-011056,0,None,10.25,0.01205,0.030657,0
SES-003354,0,None,7.6375,0.037834,0.103682,0
SES-003678,0,None,5.95,0.02022,0.053798,0
SES-001148,0,None,0.0,0.005489,0.012078,0
SES-012153,0,None,2.975,0.021294,0.056838,0
SES-008338,0,None,6.375,0.041564,0.114245,0
SES-010290,0,None,1.6938,0.027066,0.073185,0
SES-001515,0,None,3.4125,0.034999,0.095651,0
SES-007692,0,None,4.5071,0.034835,0.095187,0
SES-002333,0,None,3.85,0.042859,0.117912,0
SES-008102,0,None,5.6333,0.039028,0.107063,0
SES-007364,0,None,3.575,0.034069,0.093019,0
SES-008142,0,None,2.75,0.002772,0.004383,0
SES-001021,0,None,5.7,0.029299,0.079509,0
SES-005813,0,None,4.65,0.002592,0.003871,0
SES-009994,0,None,5.0375,0.021968,0.058746,0
SES-005290,0,None,3.8429,0.024589,0.066169,0
SES-006931,0,None,3.95,0.024723,0.066548,0
SES-001739,0,None,11.0245,0.025894,0.069866,0
SES-004492,0,None,2.8125,0.020039,0.053285,0
SES-009317,0,None,3.1286,0.022103,0.059129,0
SES-002675,0,None,3.1571,0.026941,0.072831,0
SES-012943,0,None,4.375,0.031565,0.085926,0
SES-008083,0,None,5.1125,0.047705,0.131636,1
SES-009068,0,None,4.3643,0.036518,0.099953,0
SES-007987,0,None,3.4167,0.032928,0.089788,0
SES-006714,0,None,4.375,0.013445,0.03461,0
SES-004070,0,None,5.05,0.02338,0.062746,0
SES-003427,0,None,9.3875,0.011829,0.030032,0
SES-008697,0,None,5.1808,0.045179,0.124484,0
SES-003943,0,None,8.0,0.010293,0.025683,0
SES-011148,0,None,4.7375,0.025048,0.06747,0
SES-005806,0,None,3.8,0.002796,0.00445,0
SES-001075,0,None,7.6,0.010902,0.027406,0
SES-005803,0,None,4.3,0.029934,0.081307,0
SES-008222,0,None,4.7,0.007008,0.01638,0
SES-004251,0,None,5.4214,0.031065,0.08451,0
SES-003631,0,None,7.1,0.028776,0.078027,0
SES-005345,0,None,3.85,0.01856,0.049095,0
SES-011208,0,None,4.0,0.002626,0.003968,0
SES-008161,1,Brute Force,36.3,0.149581,0.42016,1
SES-012703,0,None,2.4,0.033813,0.092293,0
SES-001278,1,Lateral Movement,35.4091,0.045752,0.126107,1
SES-003453,0,None,4.925,0.034057,0.092983,0
SES-007725,0,None,6.65,0.013377,0.034418,0
SES-009908,0,None,4.575,0.024989,0.067304,0
SES-007779,0,None,2.55,0.002482,0.003561,0
SES-003069,0,None,5.1429,0.023554,0.063239,0
SES-007732,0,None,4.2625,0.020299,0.054022,0
SES-011773,0,None,0.6,0.005569,0.012304,0
SES-011830,0,None,4.15,0.04698,0.129582,1
SES-003819,0,None,3.1,0.024031,0.064589,0
SES-002206,0,None,3.6571,0.038957,0.106861,0
SES-003466,0,None,3.3167,0.04284,0.117858,0
SES-000256,0,None,0.0,0.008381,0.020267,0
SES-012795,0,None,3.475,0.035774,0.097847,0
SES-002331,0,None,3.65,0.0181,0.047791,0
SES-000631,0,None,9.3267,0.022194,0.059388,0
SES-007388,0,None,3.4214,0.031777,0.086528,0
SES-010538,0,None,5.2,0.023602,0.063375,0
SES-007903,0,None,1.5929,0.033072,0.090194,0
SES-004594,0,None,3.8333,0.054906,0.15203,1
SES-006146,0,None,3.5429,0.034418,0.094006,0
SES-010697,0,None,5.1438,0.029437,0.079899,0
SES-006741,1,Lateral Movement,42.95,0.050611,0.139866,1
SES-010199,1,Device Spoofing,38.525,0.028669,0.077726,0
SES-012800,0,None,4.025,0.026171,0.070649,0
SES-007488,0,None,5.5833,0.039569,0.108595,0
SES-004854,0,None,3.6,0.017529,0.046175,0
SES-011500,0,None,2.95,0.037531,0.102822,0
SES-006564,0,None,5.375,0.026613,0.071901,0
SES-006935,0,None,4.8667,0.030843,0.083883,0
SES-009422,0,None,5.2,0.023426,0.062877,0
SES-006107,0,None,5.8786,0.02702,0.073055,0
SES-000905,0,None,0.0,0.034586,0.094482,0
SES-008573,0,None,5.1375,0.024026,0.064575,0
SES-008215,0,None,3.1143,0.030092,0.081754,0
SES-010249,0,None,10.0333,0.053752,0.148763,1
SES-000069,0,None,0.0,0.030422,0.082688,0
SES-004097,0,None,5.5,0.019404,0.051486,0
SES-012553,0,None,11.8,0.017548,0.046228,0
SES-001956,0,None,5.0357,0.033611,0.091722,0
SES-006262,0,None,4.4,0.047809,0.131932,1
SES-003333,0,None,4.15,0.013579,0.034989,0
SES-012309,0,None,2.6875,0.036911,0.101068,0
SES-011926,0,None,6.3125,0.031691,0.086285,0
SES-004875,0,None,5.7,0.03738,0.102397,0
SES-003128,0,None,11.0232,0.041964,0.115376,0
SES-010905,0,None,2.6071,0.039817,0.109296,0
SES-000908,0,None,4.005,0.021031,0.056094,0
SES-007918,0,None,8.025,0.022509,0.060279,0
SES-001545,0,None,3.9408,0.032808,0.089447,0
SES-001428,0,None,4.3184,0.034943,0.095495,0
SES-001917,0,None,9.0,0.022881,0.061333,0
SES-002401,0,None,3.75,0.022451,0.060114,0
SES-002306,0,None,4.8643,0.024723,0.066549,0
SES-006857,0,None,3.55,0.016516,0.043305,0
SES-007784,1,Device Spoofing,37.825,0.024257,0.06523,0
SES-002824,1,Beaconing C2,43.9333,0.038714,0.106172,0
SES-000127,0,None,0.0,0.031465,0.085644,0
SES-009874,0,None,4.9375,0.016903,0.044404,0
SES-007923,0,None,4.875,0.026066,0.070353,0
SES-002835,0,None,3.7409,0.038006,0.104168,0
SES-011985,0,None,10.525,0.042657,0.11734,0
SES-003673,0,None,5.2167,0.026325,0.071085,0
SES-012139,0,None,3.425,0.016443,0.043099,0
SES-012673,0,None,4.55,0.016473,0.043183,0
SES-012654,0,None,2.9,0.031126,0.084685,0
SES-007316,0,None,3.4,0.024152,0.064931,0
SES-006869,0,None,7.2154,0.053553,0.1482,1
SES-000146,0,None,0.0,0.027554,0.074566,0
SES-005627,0,None,3.1875,0.032093,0.087423,0
SES-000396,0,None,0.0,0.022616,0.060582,0
SES-006114,0,None,6.5,0.028182,0.076345,0
SES-009688,0,None,2.5571,0.028221,0.076456,0
SES-003163,0,None,5.35,0.019958,0.053054,0
SES-012512,0,None,6.5187,0.023256,0.062395,0
SES-011973,0,None,4.5714,0.037928,0.103948,0
SES-012260,0,None,2.9,0.003455,0.006317,0
SES-006502,0,None,0.75,0.006013,0.013561,0
SES-003055,0,None,7.4683,0.030974,0.084254,0
SES-011084,0,None,5.1429,0.043851,0.120721,0
SES-009228,0,None,3.65,0.029524,0.080145,0
SES-011961,0,None,3.8357,0.033272,0.090761,0
SES-005243,0,None,0.6,0.004001,0.007863,0
SES-000373,0,None,0.0,0.022799,0.061102,0
SES-008165,0,None,4.1875,0.033743,0.092096,0
SES-001318,0,None,3.2,0.028285,0.076638,0
SES-011131,0,None,10.1214,0.044509,0.122587,0
SES-003378,0,None,3.5714,0.028649,0.077667,0
SES-004832,0,None,11.8667,0.045927,0.126602,1
SES-011636,0,None,3.125,0.034542,0.094357,0
SES-012395,0,None,4.5,0.014635,0.037978,0
SES-009201,0,None,1.7,0.037187,0.101849,0
SES-012416,0,None,10.6857,0.037005,0.101332,0
SES-000785,1,Insider Threat,25.75,0.061174,0.169781,1
SES-005160,0,None,8.2429,0.022277,0.059622,0
SES-010855,0,None,2.0,0.029771,0.080845,0
SES-002948,0,None,5.6808,0.047028,0.12972,1
SES-002811,0,None,7.1465,0.031626,0.086101,0
SES-001402,1,Brute Force,34.5657,0.114613,0.321126,1
SES-004871,0,None,3.2667,0.027861,0.075437,0
SES-003738,0,None,5.7643,0.030586,0.083154,0
SES-011044,0,None,3.75,0.027536,0.074516,0
SES-002628,0,None,9.5643,0.037038,0.101428,0
SES-000441,0,None,0.0,0.022812,0.061137,0
SES-004420,0,None,4.5125,0.015182,0.039528,0
SES-006482,0,None,2.85,0.005072,0.010896,0
SES-000143,0,None,0.0,0.043395,0.11943,0
SES-010478,0,None,4.05,0.010627,0.026627,0
SES-004293,1,Insider Threat,28.2,0.039924,0.109602,0
SES-005750,0,None,6.9143,0.026905,0.07273,0
SES-005709,0,None,5.5,0.014171,0.036666,0
SES-009698,0,None,6.95,0.016519,0.043316,0
SES-000326,1,Insider Threat,24.0,0.038604,0.105861,0
SES-001335,0,None,6.08,0.021832,0.058363,0
SES-000105,0,None,0.0,0.037286,0.10213,0
SES-005369,0,None,2.9333,0.032298,0.088004,0
SES-002295,0,None,6.2083,0.035115,0.095981,0
SES-004165,0,None,4.65,0.012974,0.033276,0
SES-011722,0,None,2.75,0.030969,0.084238,0
SES-011624,0,None,10.3,0.033138,0.090382,0
SES-006320,0,None,5.05,0.032305,0.088024,0
SES-000400,0,None,0.0,0.018474,0.048851,0
SES-009022,0,None,6.4273,0.038309,0.105028,0
SES-011713,0,None,3.15,0.034568,0.094433,0
SES-001454,0,None,8.3667,0.039044,0.107107,0
SES-011156,0,None,11.2,0.024582,0.066149,0
SES-006774,0,None,7.5857,0.026087,0.070411,0
SES-005328,0,None,7.375,0.041201,0.113217,0
SES-012283,0,None,2.325,0.027275,0.073776,0
SES-001836,0,None,4.4875,0.031557,0.085905,0
SES-008053,0,None,6.0,0.017345,0.045655,0
SES-009072,0,None,4.1,0.021104,0.0563,0
SES-009857,0,None,9.6,0.039814,0.109288,0
SES-004676,0,None,3.9,0.002431,0.003417,0
SES-011855,0,None,6.6,0.011885,0.030191,0
SES-007570,0,None,11.125,0.038785,0.106374,0
SES-000760,0,None,0.0,0.052978,0.146569,1
SES-007363,0,None,2.875,0.043064,0.118494,0
SES-000572,0,None,0.0,0.013191,0.03389,0
SES-003166,0,None,7.6125,0.035041,0.095771,0
SES-005568,0,None,1.775,0.032664,0.08904,0
SES-002418,0,None,2.2375,0.035851,0.098064,0
SES-005629,0,None,4.9375,0.010893,0.027382,0
SES-009965,0,None,3.0357,0.027087,0.073245,0
SES-012925,0,None,1.9643,0.027895,0.075534,0
SES-000006,0,None,0.0,0.001955,0.002067,0
SES-002699,0,None,9.875,0.044842,0.123529,0
SES-008313,0,None,9.95,0.025286,0.068145,0
SES-003433,0,None,5.15,0.01937,0.051389,0
SES-007187,0,None,3.9,0.013696,0.035321,0
SES-012007,0,None,6.3,0.021154,0.056441,0
SES-005920,0,None,9.1571,0.030456,0.082786,0
SES-001378,0,None,3.5714,0.025634,0.069131,0
SES-003050,0,None,12.4,0.012587,0.03218,0
SES-003201,0,None,6.8,0.037472,0.102657,0
SES-004084,0,None,4.1429,0.029233,0.079323,0
SES-009056,0,None,4.55,0.026523,0.071646,0
SES-002577,0,None,2.85,0.025056,0.067492,0
SES-004879,0,None,2.5062,0.031777,0.086528,0
SES-002969,0,None,3.75,0.025166,0.067805,0
SES-003030,1,Brute Force,36.2938,0.104968,0.293812,1
SES-007112,0,None,11.2833,0.024047,0.064635,0
SES-004876,0,None,3.4714,0.030597,0.083185,0
SES-004731,0,None,9.975,0.027064,0.07318,0
SES-000903,0,None,0.0,0.036008,0.098509,0
SES-006463,0,None,5.35,0.019329,0.051274,0
SES-012927,0,None,4.7687,0.033548,0.091543,0
SES-009843,0,None,4.75,0.019075,0.050554,0
SES-008064,0,None,4.0,0.019728,0.052404,0
SES-007323,0,None,2.775,0.017769,0.046856,0
SES-012102,0,None,7.125,0.021435,0.057237,0
SES-001934,1,Lateral Movement,35.75,0.029077,0.078879,0
SES-003387,0,None,3.3125,0.011474,0.029026,0
SES-008904,0,None,8.4,0.024954,0.067203,0
SES-003875,0,None,4.425,0.015137,0.0394,0
SES-003373,0,None,5.35,0.013747,0.035465,0
SES-007921,1,Data Exfiltration,40.35,0.031997,0.087149,0
SES-005257,0,None,4.95,0.004344,0.008833,0
SES-006471,0,None,7.2,0.040619,0.111569,0
SES-004018,0,None,1.1,0.002041,0.002313,0
SES-003122,0,None,9.075,0.021851,0.058417,0
SES-012574,0,None,3.725,0.032627,0.088933,0
SES-001362,1,Credential Stuffing,34.125,0.109923,0.307845,1
SES-011924,0,None,4.6312,0.032121,0.087503,0
SES-003177,0,None,3.5071,0.0262,0.070733,0
SES-002973,0,None,9.6,0.02345,0.062943,0
SES-010757,0,None,4.2667,0.030489,0.08288,0
SES-012669,0,None,4.1,0.014853,0.038596,0
SES-005794,0,None,3.9125,0.031412,0.085495,0
SES-009032,0,None,7.85,0.027786,0.075225,0
SES-008389,0,None,1.375,0.023287,0.062483,0
SES-005702,0,None,4.825,0.042009,0.115506,0
SES-012329,0,None,3.05,0.017469,0.046006,0
SES-011681,0,None,10.1,0.008806,0.021471,0
SES-009715,0,None,2.3625,0.02191,0.058584,0
SES-010751,0,None,10.25,0.01989,0.052862,0
SES-002397,0,None,9.125,0.040566,0.111419,0
SES-008145,0,None,3.025,0.02411,0.064813,0
SES-009782,0,None,2.9786,0.025631,0.069121,0
SES-012265,0,None,6.9,0.042697,0.117455,0
SES-007395,0,None,2.4333,0.033936,0.092643,0
SES-011493,0,None,7.95,0.016384,0.042933,0
SES-003791,0,None,2.7,0.030548,0.083047,0
SES-001604,0,None,6.8071,0.024741,0.066599,0
SES-001524,0,None,4.1067,0.019514,0.051798,0
SES-005436,0,None,6.1,0.018974,0.050269,0
SES-006778,0,None,2.2,0.036358,0.0995,0
SES-002168,0,None,4.3465,0.02419,0.065041,0
SES-004592,0,None,6.5,0.043218,0.11893,0
SES-008731,0,None,6.5955,0.039722,0.109028,0
SES-006874,0,None,3.0,0.0134,0.034481,0
SES-008643,0,None,5.25,0.018327,0.048434,0
SES-009681,0,None,10.1,0.035914,0.098243,0
SES-011128,0,None,4.8929,0.037681,0.103248,0
SES-000299,0,None,1.4238,0.02408,0.064727,0
SES-000129,0,None,0.0,0.022225,0.059476,0
SES-012750,0,None,2.5,0.018474,0.048852,0
SES-010161,0,None,7.85,0.011237,0.028355,0
SES-000534,1,Suspicious PowerShell,41.2143,0.023992,0.064479,0
SES-011867,0,None,9.65,0.022878,0.061325,0
SES-007835,0,None,2.1857,0.021606,0.057723,0
SES-012584,0,None,4.7,0.017379,0.045751,0
SES-001755,0,None,1.4,0.02369,0.063623,0
SES-011101,0,None,6.55,0.010507,0.026288,0
SES-007084,0,None,12.525,0.021068,0.0562,0
SES-009284,0,None,2.775,0.026754,0.072302,0
SES-004427,1,Privilege Escalation,42.9143,0.032063,0.087338,0
SES-009019,0,None,3.325,0.029315,0.079556,0
SES-004882,0,None,8.45,0.028592,0.077507,0
SES-009886,0,None,5.9833,0.029728,0.080725,0
SES-008872,0,None,1.7,0.031968,0.087068,0
SES-010624,0,None,4.275,0.010571,0.02647,0
SES-002971,0,None,2.0375,0.042564,0.117076,0
SES-000248,0,None,0.0,0.016097,0.042119,0
SES-002954,0,None,4.9375,0.022596,0.060526,0
SES-002335,0,None,4.5,0.022154,0.059273,0
SES-006561,0,None,10.275,0.037376,0.102384,0
SES-008707,0,None,10.8,0.009928,0.02465,0
SES-006490,0,None,4.125,0.009792,0.024263,0
SES-001029,0,None,7.9429,0.016915,0.044437,0
SES-002386,0,None,4.35,0.018937,0.050162,0
SES-011760,1,Privilege Escalation,41.7071,0.120314,0.337273,1
SES-012047,0,None,3.5875,0.029912,0.081246,0
SES-004561,0,None,3.7125,0.032139,0.087552,0
SES-002966,0,None,1.4187,0.03024,0.082173,0
SES-010838,0,None,3.65,0.035419,0.096843,0
SES-002574,0,None,2.4875,0.042804,0.117756,0
SES-004880,0,None,4.6188,0.044788,0.123375,0
SES-004454,0,None,2.7688,0.027672,0.074902,0
SES-000002,0,None,0.0,0.001769,0.001541,0
SES-003940,0,None,6.8,0.011068,0.027877,0
SES-009073,0,None,9.8318,0.0415,0.114065,0
SES-009701,0,None,2.6429,0.024266,0.065256,0
SES-001886,0,None,2.1,0.003515,0.006485,0
SES-001068,0,None,9.3095,0.034815,0.095131,0
SES-004639,0,None,5.0812,0.036571,0.100105,0
SES-009939,0,None,7.775,0.02262,0.060594,0
SES-006073,0,None,5.85,0.036646,0.100318,0
SES-001163,0,None,1.5,0.002999,0.005024,0
SES-010263,1,Insider Threat,34.3,0.028638,0.077639,0
SES-008598,0,None,2.425,0.031593,0.086005,0
SES-003316,0,None,2.425,0.026312,0.071048,0
SES-005138,0,None,2.825,0.025399,0.068465,0
SES-001046,0,None,2.1198,0.028635,0.077629,0
SES-000208,0,None,0.0,0.025199,0.067899,0
SES-012702,0,None,1.525,0.025372,0.068387,0
SES-011317,0,None,9.1,0.015602,0.040718,0
SES-007646,0,None,4.35,0.030445,0.082756,0
SES-004176,0,None,4.0,0.031873,0.086799,0
SES-008539,0,None,2.425,0.022045,0.058965,0
SES-008339,0,None,2.55,0.001709,0.001371,0
SES-009539,0,None,5.95,0.023428,0.062883,0
SES-010483,0,None,2.9,0.018237,0.048179,0
SES-001261,0,None,0.0,0.039029,0.107065,0
SES-010571,0,None,4.3437,0.029791,0.080902,0
SES-011919,0,None,4.1,0.001225,0.0,0
SES-008537,0,None,2.025,0.029258,0.079392,0
SES-005403,0,None,3.0333,0.03195,0.087016,0
SES-000748,0,None,4.6667,0.037807,0.103605,0
SES-012216,0,None,1.9333,0.025864,0.069781,0
SES-009346,0,None,5.95,0.017126,0.045033,0
SES-010069,0,None,1.2,0.001833,0.001723,0
SES-009559,0,None,6.1,0.029756,0.080804,0
SES-006965,0,None,9.7188,0.025105,0.067631,0
SES-002317,0,None,6.4346,0.044106,0.121444,0
SES-010321,0,None,4.4357,0.023505,0.0631,0
SES-002626,0,None,3.4562,0.035298,0.096499,0
SES-003833,0,None,2.4214,0.025359,0.06835,0
SES-001185,0,None,6.0,0.031611,0.086056,0
SES-005344,1,Brute Force,43.6,0.164579,0.462635,1
SES-004054,0,None,5.7,0.042916,0.118074,0
SES-012500,0,None,3.025,0.026961,0.072889,0
SES-008676,0,None,2.85,0.004155,0.008298,0
SES-007398,0,None,3.4187,0.022963,0.061566,0
SES-008446,0,None,4.125,0.024565,0.066102,0
SES-003549,0,None,0.45,0.005861,0.013129,0
SES-007059,0,None,4.45,0.047555,0.131212,1
SES-003777,0,None,1.7409,0.037864,0.103765,0
SES-000549,0,None,9.1857,0.041607,0.114368,0
SES-006881,0,None,5.25,0.014334,0.037126,0
SES-002593,1,Privilege Escalation,40.2929,0.016731,0.043915,0
SES-009879,0,None,1.7,0.025754,0.069471,0
SES-007111,0,None,4.9667,0.029966,0.081398,0
SES-007257,0,None,5.7,0.017323,0.045593,0
SES-004347,0,None,6.35,0.021993,0.058817,0
SES-001060,1,Suspicious PowerShell,39.4886,0.035192,0.096198,0
SES-008668,0,None,5.35,0.011517,0.029148,0
SES-002020,0,None,6.0714,0.035026,0.09573,0
SES-008670,0,None,5.7,0.024998,0.067329,0
SES-004553,0,None,3.0214,0.025897,0.069875,0
SES-008936,1,Beaconing C2,42.5,0.0483,0.133322,1
SES-008401,0,None,2.0375,0.036108,0.098793,0
SES-001400,0,None,1.3434,0.027897,0.075538,0
SES-011029,0,None,4.75,0.014027,0.036258,0
SES-007593,0,None,11.65,0.04932,0.136211,1
SES-000779,0,None,0.0,0.031338,0.085284,0
SES-013006,0,None,6.5125,0.018114,0.047831,0
SES-002443,0,None,6.9437,0.032304,0.088019,0
SES-005852,0,None,10.2,0.013385,0.034438,0
SES-012323,0,None,3.9687,0.03308,0.090218,0
SES-003883,0,None,6.35,0.018553,0.049075,0
SES-006830,0,None,2.85,0.026978,0.072937,0
SES-008776,0,None,3.3875,0.017099,0.044957,0
SES-011819,0,None,8.2,0.016614,0.043585,0
SES-003983,0,None,2.45,0.046142,0.12721,1
SES-009134,0,None,10.2875,0.015326,0.039937,0
SES-002106,0,None,3.775,0.031343,0.085297,0
SES-003762,0,None,5.35,0.018713,0.049528,0
SES-000159,0,None,0.0,0.041631,0.114435,0
SES-007591,0,None,5.4429,0.032353,0.088158,0
SES-001369,0,None,2.8375,0.020549,0.05473,0
SES-007162,0,None,5.6,0.022214,0.059443,0
SES-003579,0,None,6.2143,0.024415,0.065676,0
SES-006845,0,None,2.9438,0.029258,0.079392,0
SES-010107,0,None,10.65,0.047251,0.13035,1
SES-008683,0,None,10.1143,0.045393,0.12509,0
SES-005545,0,None,1.7,0.029051,0.078808,0
SES-007975,0,None,8.95,0.033786,0.092218,0
SES-006070,0,None,3.6429,0.0397,0.108965,0
SES-002725,0,None,5.4875,0.023765,0.063838,0
SES-012240,0,None,1.4,0.031854,0.086744,0
SES-003951,0,None,3.275,0.009985,0.024811,0
SES-011389,0,None,9.2857,0.027543,0.074537,0
SES-002588,0,None,1.8833,0.042061,0.115653,0
SES-009159,0,None,5.65,0.018052,0.047657,0
SES-001331,0,None,5.5,0.014586,0.037841,0
SES-010491,0,None,3.75,0.018408,0.048665,0
SES-001014,0,None,3.9482,0.044014,0.121183,0
SES-010137,0,None,7.5714,0.042593,0.117159,0
SES-011752,0,None,9.7929,0.026624,0.071933,0
SES-007544,0,None,3.35,0.020078,0.053394,0
SES-005201,0,None,3.55,0.034505,0.094254,0
SES-002691,0,None,3.55,0.036952,0.101183,0
SES-007192,0,None,2.0562,0.023913,0.064257,0
SES-000064,1,Privilege Escalation,38.0,0.19282,0.542618,1
SES-000842,0,None,4.6282,0.04973,0.137371,1
SES-011744,0,None,6.0687,0.023943,0.06434,0
SES-009550,0,None,9.8,0.02564,0.069147,0
SES-012241,0,None,10.1773,0.040597,0.111507,0
SES-005867,0,None,6.8438,0.026464,0.071481,0
SES-006568,0,None,4.9,0.012287,0.03133,0
SES-010702,0,None,2.1375,0.03106,0.084498,0
SES-002244,1,Data Exfiltration,48.9485,0.048601,0.134175,1
SES-008572,0,None,4.375,0.020909,0.055748,0
SES-006788,0,None,2.6,0.021996,0.058828,0
SES-011843,0,None,3.75,0.008752,0.021318,0
SES-008044,0,None,4.05,0.012831,0.032871,0
SES-003269,0,None,9.5154,0.040492,0.111209,0
SES-007053,0,None,4.85,0.001328,0.000293,0
SES-005524,0,None,4.2714,0.025787,0.069562,0
SES-001497,0,None,2.5857,0.020718,0.055207,0
SES-004544,0,None,5.4429,0.030066,0.081681,0
SES-012424,0,None,10.7333,0.032729,0.089222,0
SES-008065,0,None,4.8375,0.023237,0.06234,0
SES-011356,0,None,2.1,0.031614,0.086064,0
SES-001813,0,None,9.15,0.017527,0.046171,0
SES-008348,0,None,8.925,0.030682,0.083425,0
SES-009109,0,None,2.75,0.024602,0.066207,0
SES-006582,1,Insider Threat,30.825,0.055981,0.155074,1
SES-003744,0,None,8.5286,0.022194,0.059387,0
SES-010710,0,None,4.175,0.033192,0.090533,0
SES-004602,0,None,12.5714,0.029137,0.079049,0
SES-002983,0,None,9.5857,0.019756,0.052484,0
SES-007661,1,Privilege Escalation,42.5214,0.025153,0.067767,0
SES-012125,0,None,8.6071,0.027764,0.075163,0
SES-007877,0,None,2.775,0.013552,0.034913,0
SES-011841,0,None,1.2,0.002505,0.003627,0
SES-005525,0,None,4.6,0.02027,0.053938,0
SES-004789,0,None,5.35,0.01812,0.047849,0
SES-002985,0,None,3.625,0.026436,0.0714,0
SES-008816,0,None,6.625,0.037723,0.103368,0
SES-009868,0,None,6.6,0.029162,0.079121,0
SES-011724,0,None,3.3833,0.03151,0.085771,0
SES-004490,0,None,3.9,0.028096,0.076103,0
SES-005281,0,None,12.65,0.033249,0.090695,0
SES-004051,0,None,5.2,0.013915,0.03594,0
SES-012571,0,None,6.3625,0.030449,0.082765,0
SES-002681,0,None,2.375,0.03784,0.103698,0
SES-012433,0,None,5.925,0.013009,0.033373,0
SES-010146,0,None,3.2,0.025753,0.069468,0
SES-005968,0,None,6.0,0.005235,0.011358,0
SES-007755,0,None,8.7929,0.04332,0.119219,0
SES-003032,0,None,2.9071,0.029379,0.079736,0
SES-007445,0,None,4.2687,0.046444,0.128067,1
SES-012957,0,None,3.5167,0.034165,0.09329,0
SES-008692,0,None,10.25,0.019535,0.051855,0
SES-005227,0,None,5.9167,0.03786,0.103755,0
SES-002899,0,None,3.25,0.019799,0.052605,0
SES-009737,0,None,6.225,0.024878,0.066987,0
SES-002610,0,None,2.9,0.013193,0.033897,0
SES-004464,0,None,2.425,0.034572,0.094442,0
SES-002678,0,None,4.8955,0.043657,0.120172,0
SES-012116,0,None,8.7,0.010996,0.027673,0
SES-001248,0,None,4.4583,0.029467,0.079985,0
SES-002350,0,None,4.8355,0.027901,0.075551,0
SES-001125,0,None,6.625,0.030157,0.08194,0
SES-009150,0,None,2.95,0.001692,0.001324,0
SES-004030,0,None,6.05,0.011905,0.030248,0
SES-011473,0,None,2.6688,0.02845,0.077104,0
SES-000223,0,None,0.0,0.051534,0.142481,1
SES-004500,0,None,2.4,0.034827,0.095164,0
SES-001904,0,None,5.4,0.029184,0.079185,0
SES-003263,0,None,5.1357,0.01881,0.049804,0
SES-011557,0,None,4.7318,0.042219,0.116101,0
SES-000880,0,None,1.3625,0.024529,0.065999,0
SES-000377,0,None,0.0,0.01935,0.051332,0
SES-006292,0,None,2.1,0.029921,0.08127,0
SES-004603,0,None,3.7214,0.034632,0.094614,0
SES-009856,0,None,3.475,0.014604,0.037891,0
SES-002230,0,None,3.6714,0.027049,0.073136,0
SES-005857,0,None,7.2,0.01646,0.043147,0
SES-004495,0,None,2.3214,0.028804,0.078109,0
SES-006409,1,Malware Execution,45.9286,0.061627,0.171065,1
SES-011463,0,None,3.35,0.03169,0.08628,0
SES-012808,0,None,2.45,0.02666,0.072036,0
SES-009631,0,None,4.125,0.036219,0.099108,0
SES-010975,0,None,3.35,0.016856,0.04427,0
SES-012408,0,None,4.275,0.018714,0.049531,0
SES-008359,0,None,2.825,0.026477,0.071518,0
SES-011378,0,None,10.75,0.021367,0.057046,0
SES-011879,0,None,3.0,0.017591,0.04635,0
SES-006243,0,None,8.5875,0.028415,0.077006,0
SES-011255,0,None,3.4,0.03407,0.093021,0
SES-001858,0,None,3.8,0.032081,0.087389,0
SES-007306,0,None,2.725,0.033435,0.091223,0
SES-005512,0,None,3.95,0.027164,0.073462,0
SES-009739,0,None,6.55,0.030753,0.083626,0
SES-007836,0,None,2.9,0.019216,0.050954,0
SES-010796,0,None,4.7125,0.018737,0.049596,0
SES-007137,0,None,1.9538,0.043773,0.120502,0
SES-005150,0,None,4.2625,0.018682,0.04944,0
SES-007118,0,None,4.65,0.030219,0.082115,0
SES-000929,0,None,5.5583,0.025669,0.069228,0
SES-004534,0,None,4.1,0.018765,0.049677,0
SES-000730,0,None,2.4,0.035213,0.096259,0
SES-004057,0,None,3.85,0.017565,0.046278,0
SES-000725,0,None,4.875,0.034058,0.092986,0
SES-005032,0,None,5.5143,0.022663,0.060715,0
SES-005136,0,None,3.7687,0.0355,0.097071,0
SES-007609,0,None,0.45,0.006487,0.014904,0
SES-009385,0,None,4.25,0.020581,0.05482,0
SES-001829,0,None,5.2374,0.038088,0.104402,0
SES-000525,0,None,8.2917,0.045635,0.125774,1
SES-012444,0,None,5.0607,0.035541,0.097186,0
SES-012040,0,None,5.05,0.024607,0.066221,0
SES-000584,0,None,0.0,0.030811,0.083791,0
SES-000200,1,Insider Threat,24.0,0.038216,0.104764,0
SES-009168,0,None,3.7,0.021443,0.05726,0
SES-004077,0,None,5.55,0.053042,0.146752,1
SES-003888,0,None,8.881,0.017202,0.045251,0
SES-010549,0,None,3.175,0.027655,0.074852,0
SES-008723,0,None,10.0,0.022339,0.059797,0
SES-011045,0,None,2.7937,0.034001,0.092826,0
SES-002164,0,None,9.0,0.039069,0.107179,0
SES-009567,0,None,8.3375,0.028957,0.078541,0
SES-012783,0,None,2.8562,0.027662,0.074874,0
SES-000583,0,None,0.0,0.010428,0.026064,0
SES-002158,0,None,6.1667,0.029041,0.078779,0
SES-011351,0,None,2.875,0.012446,0.031781,0
SES-001168,0,None,6.3571,0.026318,0.071066,0
SES-010381,0,None,6.05,0.029219,0.079284,0
SES-000286,0,None,0.0,0.033787,0.092219,0
SES-000349,0,None,0.0,0.03255,0.088717,0
SES-011552,0,None,2.125,0.041265,0.113398,0
SES-007489,0,None,10.6357,0.026222,0.070795,0
SES-005137,0,None,2.725,0.022998,0.061664,0
SES-002872,0,None,6.95,0.014353,0.03718,0
SES-004529,0,None,2.5,0.023589,0.063337,0
SES-002635,0,None,2.1,0.027257,0.073727,0
SES-005881,0,None,5.8857,0.029039,0.078772,0
SES-004225,0,None,6.75,0.038201,0.10472,0
SES-009453,0,None,3.5,0.037016,0.101364,0
SES-001687,0,None,8.6549,0.040882,0.112315,0
SES-005348,1,Insider Drift,32.525,0.029369,0.079709,0
SES-007822,1,Malware Execution,47.325,0.082771,0.230947,1
SES-008353,0,None,2.825,0.019737,0.05243,0
SES-000334,0,None,1.5,0.023461,0.062975,0
SES-010292,1,Off-hours Access,23.45,0.030644,0.083319,0
SES-007586,0,None,3.75,0.004824,0.010193,0
SES-012704,0,None,8.55,0.020255,0.053895,0
SES-007752,0,None,5.475,0.017896,0.047215,0
SES-012150,0,None,2.1143,0.027611,0.074728,0
SES-002753,0,None,6.4,0.037729,0.103384,0
SES-009258,0,None,5.3625,0.028026,0.075905,0
SES-011149,0,None,6.4,0.027697,0.074971,0
SES-011245,0,None,3.7125,0.026479,0.071521,0
SES-001521,0,None,2.3125,0.025532,0.06884,0
SES-003217,0,None,5.05,0.043344,0.119286,0
SES-008167,0,None,7.15,0.033274,0.090766,0
SES-005339,1,Brute Force,36.7437,0.087205,0.243504,1
SES-002034,0,None,1.55,0.021485,0.057378,0
SES-011229,0,None,10.05,0.051324,0.141886,1
SES-004813,0,None,1.225,0.026905,0.072729,0
SES-007807,0,None,3.7,0.034969,0.095566,0
SES-004877,0,None,4.05,0.01771,0.046689,0
SES-008182,0,None,6.1,0.004602,0.009564,0
SES-000843,0,None,3.4892,0.03527,0.096419,0
SES-008206,0,None,6.65,0.049001,0.135308,1
SES-011599,0,None,4.175,0.029407,0.079815,0
SES-009818,0,None,4.5333,0.023257,0.062398,0
SES-008052,0,None,4.05,0.029573,0.080286,0
SES-001986,0,None,3.1475,0.046208,0.127397,1
SES-012100,0,None,2.6,0.007955,0.019061,0
SES-006063,0,None,2.2,0.002468,0.003522,0
SES-000073,0,None,0.0,0.019605,0.052054,0
SES-012860,0,None,4.35,0.018899,0.050056,0
SES-006500,0,None,0.75,0.00271,0.004206,0
SES-012382,0,None,3.5875,0.026648,0.072003,0
SES-010129,0,None,6.525,0.037884,0.103822,0
SES-001717,0,None,0.0,0.010834,0.027214,0
SES-012301,0,None,5.3895,0.042893,0.118009,0
SES-002929,0,None,1.25,0.006461,0.01483,0
SES-011964,0,None,5.1,0.043208,0.1189,0
SES-007322,0,None,9.125,0.016172,0.042333,0
SES-004713,0,None,5.2562,0.027811,0.075296,0
SES-003322,0,None,2.45,0.017922,0.047287,0
SES-011239,0,None,4.8214,0.023562,0.063262,0
SES-008282,0,None,3.05,0.033682,0.091923,0
SES-009598,1,Lateral Movement,37.1,0.062929,0.174753,1
SES-005970,1,Impossible Travel,35.775,0.013482,0.034715,0
SES-008855,0,None,3.8,0.001916,0.001958,0
SES-000937,0,None,5.2625,0.025166,0.067803,0
SES-011134,0,None,4.175,0.015527,0.040506,0
SES-000989,1,Brute Force,36.9,0.298348,0.841483,1
SES-008025,0,None,4.2333,0.031887,0.086838,0
SES-008743,0,None,11.4,0.013924,0.035967,0
SES-004325,0,None,5.4929,0.01982,0.052665,0
SES-005070,0,None,3.275,0.031452,0.085608,0
SES-000746,0,None,4.9821,0.031976,0.087091,0
SES-009858,0,None,4.4813,0.028676,0.077744,0
SES-002328,0,None,4.5357,0.026493,0.071563,0
SES-001786,0,None,2.65,0.027365,0.074032,0
SES-003832,0,None,4.7375,0.023402,0.062809,0
SES-007859,1,Low-and-Slow Exfiltration,43.225,0.057425,0.159164,1
SES-012864,0,None,3.0875,0.029178,0.079168,0
SES-009435,0,None,3.55,0.02334,0.062632,0
SES-000586,0,None,0.0,0.036076,0.098704,0
SES-004117,0,None,0.375,0.003901,0.007581,0
SES-012879,0,None,3.6437,0.036925,0.101108,0
SES-004411,0,None,2.075,0.032263,0.087905,0
SES-006802,0,None,4.65,0.027022,0.073061,0
SES-007961,0,None,2.525,0.019024,0.050409,0
SES-009971,1,Brute Force,37.7,0.123512,0.346331,1
SES-012310,0,None,3.15,0.031431,0.085548,0
SES-005577,0,None,3.9,0.028347,0.076814,0
SES-002947,0,None,3.37,0.030251,0.082205,0
SES-011078,0,None,4.3187,0.02592,0.069939,0
SES-004074,0,None,6.7167,0.044777,0.123346,0
SES-010278,1,Low-and-Slow Exfiltration,36.3687,0.041727,0.114707,0
SES-005216,0,None,5.3,0.023263,0.062415,0
SES-012263,0,None,4.15,0.009163,0.022482,0
SES-004107,0,None,12.4,0.021993,0.058819,0
SES-009190,0,None,5.525,0.024178,0.065006,0
SES-008686,0,None,5.275,0.019305,0.051205,0
SES-007423,0,None,7.5727,0.036601,0.10019,0
SES-003416,0,None,7.325,0.021864,0.058452,0
SES-009314,0,None,2.8188,0.040018,0.109866,0
SES-012590,0,None,5.7571,0.02725,0.073706,0
SES-001795,0,None,6.3714,0.040906,0.11238,0
SES-001026,0,None,0.0,0.032449,0.08843,0
SES-007711,0,None,3.5,0.020658,0.055037,0
SES-001047,0,None,11.8333,0.035009,0.095679,0
SES-012087,0,None,4.45,0.028096,0.076103,0
SES-004874,0,None,3.8031,0.051435,0.142201,1
SES-002403,1,Brute Force,38.55,0.244445,0.688824,1
SES-011014,0,None,9.3893,0.050817,0.14045,1
SES-008528,0,None,1.9857,0.033224,0.090626,0
SES-002663,0,None,2.5,0.033513,0.091443,0
SES-009110,0,None,2.875,0.031687,0.086273,0
SES-008672,0,None,4.6875,0.01362,0.035105,0
SES-007020,1,Off-hours Access,25.25,0.040302,0.110672,0
SES-003797,0,None,4.2643,0.026842,0.07255,0
SES-001009,0,None,0.0,0.023735,0.063752,0
SES-000289,0,None,0.0,0.001915,0.001954,0
SES-010906,0,None,3.2571,0.027658,0.074861,0
SES-008626,0,None,9.85,0.021164,0.056471,0
SES-006547,0,None,10.8187,0.032254,0.087878,0
SES-012411,0,None,7.0,0.030523,0.082976,0
SES-004570,0,None,8.8625,0.026432,0.07139,0
SES-005205,0,None,7.6188,0.037338,0.102275,0
SES-003807,0,None,4.25,0.01642,0.043035,0
SES-008642,1,Credential Stuffing,42.8,0.35432,1.0,1
SES-006261,0,None,2.35,0.030866,0.083946,0
SES-006514,0,None,4.75,0.032213,0.087763,0
SES-004373,0,None,2.1333,0.033476,0.09134,0
SES-006524,0,None,3.8875,0.036896,0.101024,0
SES-008587,0,None,9.675,0.030799,0.083758,0
SES-003947,0,None,4.5167,0.040718,0.111849,0
SES-004305,0,None,3.8,0.015961,0.041736,0
SES-008031,0,None,10.125,0.046496,0.128213,1
SES-004803,0,None,2.0,0.019649,0.052181,0
SES-009197,0,None,1.9833,0.037845,0.103712,0
SES-002178,0,None,2.9875,0.017116,0.045005,0
SES-010464,0,None,14.3571,0.029662,0.080536,0
SES-011061,1,Credential Stuffing,37.35,0.111818,0.31321,1
SES-008476,0,None,3.9,0.023751,0.063796,0
SES-011597,0,None,3.55,0.046576,0.12844,1
SES-000913,0,None,5.3582,0.048089,0.132723,1
SES-008873,0,None,5.7429,0.027068,0.073192,0
SES-012435,0,None,3.05,0.029816,0.080974,0
SES-007801,0,None,4.875,0.010552,0.026416,0
SES-005773,0,None,4.9571,0.01983,0.052691,0
SES-000979,0,None,10.0857,0.023458,0.062967,0
SES-009866,0,None,2.075,0.012387,0.031613,0
SES-008397,0,None,4.0875,0.030867,0.083951,0
SES-009399,0,None,2.475,0.03458,0.094465,0
SES-001159,1,Impossible Travel,35.7429,0.030183,0.082013,0
SES-009545,0,None,6.0,0.029734,0.080741,0
SES-000010,1,Malware Execution,38.0,0.088808,0.248044,1
SES-002466,0,None,7.35,0.027496,0.074403,0
SES-002092,1,Credential Stuffing,38.7143,0.11788,0.330379,1
SES-010601,0,None,11.3286,0.031656,0.086185,0
SES-011684,0,None,3.95,0.027855,0.075419,0
SES-011609,0,None,3.35,0.022835,0.061203,0
SES-009462,0,None,11.4,0.030007,0.081515,0
SES-006283,0,None,1.4143,0.020045,0.0533,0
SES-007457,0,None,7.6214,0.032082,0.087391,0
SES-002390,0,None,6.3714,0.018973,0.050266,0
SES-003718,0,None,4.3,0.020745,0.055283,0
SES-010068,0,None,3.075,0.010556,0.026426,0
SES-009402,0,None,6.3786,0.029391,0.07977,0
SES-009451,0,None,10.8,0.016354,0.042849,0
SES-010250,1,Malware Execution,43.2,0.046154,0.127244,1
SES-008140,0,None,7.2591,0.035242,0.096341,0
SES-007943,0,None,3.55,0.01923,0.050992,0
SES-010473,0,None,5.5,0.013246,0.034044,0
SES-004271,0,None,5.775,0.042911,0.118059,0
SES-006594,0,None,4.5375,0.012743,0.03262,0
SES-001641,0,None,5.2381,0.045254,0.124695,0
SES-005058,0,None,2.3,0.034893,0.095352,0
SES-009892,0,None,5.2187,0.027287,0.073811,0
SES-005394,0,None,11.95,0.009833,0.02438,0
SES-000013,0,None,0.0,0.004874,0.010335,0
SES-010258,0,None,4.6,0.03911,0.107296,0
SES-011747,0,None,6.725,0.022091,0.059094,0
SES-012356,0,None,3.8333,0.044493,0.122541,0
SES-012368,0,None,4.3167,0.034628,0.094603,0
SES-002219,1,Lateral Movement,39.0476,0.07561,0.210668,1
SES-007195,0,None,6.725,0.016291,0.042668,0
SES-008657,0,None,4.8438,0.024663,0.066378,0
SES-005963,0,None,4.95,0.033319,0.090893,0
SES-000882,0,None,3.2143,0.03961,0.108712,0
SES-009600,0,None,9.1429,0.029716,0.080689,0
SES-000659,0,None,0.0,0.038661,0.106023,0
SES-008506,0,None,6.2,0.042013,0.115518,0
SES-004081,0,None,3.9333,0.029958,0.081376,0
SES-007496,0,None,11.6167,0.038192,0.104694,0
SES-002991,0,None,4.7333,0.030675,0.083406,0
SES-011873,0,None,3.3,0.045121,0.12432,0
SES-001043,0,None,2.4,0.042645,0.117307,0
SES-009426,0,None,7.05,0.038166,0.104621,0
SES-006908,0,None,5.0375,0.047337,0.130596,1
SES-006531,0,None,6.075,0.019844,0.052732,0
SES-011111,0,None,3.35,0.013255,0.034072,0
SES-008824,1,Device Spoofing,42.0,0.009177,0.022523,0
SES-003395,0,None,2.95,0.030697,0.083467,0
SES-012231,0,None,2.5125,0.019117,0.050672,0
SES-011422,0,None,8.1,0.029822,0.08099,0
SES-011737,0,None,5.55,0.03647,0.099818,0
SES-004811,0,None,3.7375,0.032692,0.089118,0
SES-012135,0,None,3.05,0.025412,0.068501,0
SES-007385,1,USB Data Theft,39.05,0.020797,0.055429,0
SES-011705,0,None,7.1063,0.038217,0.104766,0
SES-002021,0,None,0.8869,0.048479,0.133828,1
SES-010322,0,None,3.075,0.035276,0.096435,0
SES-005371,0,None,12.3125,0.012915,0.033109,0
SES-003205,0,None,3.8875,0.035284,0.096459,0
SES-010749,0,None,2.2071,0.02842,0.07702,0
SES-001790,0,None,7.3429,0.023149,0.062092,0
SES-004845,0,None,3.0,0.027704,0.074991,0
SES-007334,0,None,1.4,0.023476,0.063018,0
SES-010851,0,None,7.6,0.023408,0.062825,0
SES-000227,0,None,0.0,0.029179,0.07917,0
SES-008316,0,None,3.3786,0.026825,0.072501,0
SES-000150,0,None,0.0,0.03921,0.107577,0
SES-003688,0,None,2.7833,0.035084,0.095892,0
SES-003684,0,None,3.85,0.027573,0.074621,0
SES-011858,0,None,3.35,0.023035,0.061769,0
SES-008932,0,None,1.05,0.00474,0.009957,0
SES-011387,0,None,5.1833,0.048344,0.133448,1
SES-003264,0,None,2.975,0.046503,0.128232,1
SES-008503,0,None,2.675,0.025651,0.069177,0
SES-001952,0,None,4.035,0.054778,0.151668,1
SES-002600,0,None,4.8846,0.036801,0.100756,0
SES-006014,0,None,6.1364,0.04175,0.114771,0
SES-002914,0,None,6.45,0.048717,0.134504,1
SES-008951,0,None,5.1625,0.027909,0.075571,0
SES-005526,0,None,4.8357,0.017822,0.047004,0
SES-011113,0,None,11.8571,0.019679,0.052265,0
SES-002716,0,None,4.4625,0.029622,0.080423,0
SES-008248,0,None,4.6687,0.027647,0.074831,0
SES-007546,0,None,5.625,0.035778,0.097858,0
SES-010176,0,None,4.575,0.029212,0.079262,0
SES-000782,0,None,0.0,0.02087,0.055636,0
SES-003604,1,Malware Execution,42.7625,0.045582,0.125624,1
SES-002387,1,Credential Stuffing,37.225,0.163061,0.458337,1
SES-011419,0,None,7.0,0.025799,0.069596,0
SES-008681,0,None,4.85,0.018879,0.049998,0
SES-004092,1,Device Spoofing,37.7812,0.032824,0.089492,0
SES-002912,0,None,5.975,0.021872,0.058476,0
SES-009410,0,None,2.2,0.024937,0.067155,0
SES-002123,0,None,3.6,0.014136,0.036565,0
SES-011969,0,None,3.6545,0.032061,0.087331,0
SES-009757,0,None,7.25,0.016582,0.043494,0
SES-008509,0,None,8.6437,0.036945,0.101163,0
SES-004531,0,None,2.575,0.019645,0.052169,0
SES-009386,0,None,3.7,0.046057,0.126969,1
SES-010254,0,None,1.05,0.017013,0.044713,0
SES-005595,0,None,5.2667,0.025853,0.069751,0
SES-009106,0,None,6.1909,0.054285,0.150272,1
SES-001661,1,Off-hours Access,22.2374,0.033569,0.091602,0
SES-009510,0,None,6.75,0.00269,0.00415,0
SES-003404,1,Privilege Escalation,49.2833,0.146266,0.410772,1
SES-002172,0,None,8.2375,0.008924,0.021805,0
SES-005940,0,None,2.65,0.035445,0.096914,0
SES-008897,0,None,9.5,0.021268,0.056764,0
SES-004675,0,None,10.5729,0.025033,0.067427,0
SES-000851,0,None,3.1714,0.014868,0.038638,0
SES-010728,0,None,6.05,0.024488,0.065883,0
SES-005399,0,None,3.1214,0.027423,0.074196,0
SES-007510,0,None,4.2,0.041488,0.11403,0
SES-010593,0,None,10.075,0.018218,0.048127,0
SES-003240,0,None,7.1571,0.02365,0.06351,0
SES-011459,0,None,1.675,0.032853,0.089574,0
SES-010866,0,None,4.5,0.031336,0.085278,0
SES-007696,0,None,3.95,0.016765,0.04401,0
SES-011002,0,None,2.5,0.028315,0.076722,0
SES-006275,1,Privilege Escalation,41.1333,0.033162,0.090449,0
SES-007197,0,None,10.4591,0.048301,0.133326,1
SES-005743,0,None,3.4,0.014244,0.036871,0
SES-003592,1,Brute Force,38.025,0.24867,0.70079,1
SES-007996,0,None,4.8357,0.033514,0.091446,0
SES-006082,0,None,5.625,0.007633,0.018149,0
SES-007022,0,None,4.975,0.015308,0.039885,0
SES-000167,0,None,0.0,0.044599,0.122841,0
SES-011185,0,None,0.6,0.00357,0.006643,0
SES-005837,0,None,6.8,0.039413,0.108153,0
SES-010898,0,None,4.9,0.035543,0.097192,0
SES-011109,1,Lateral Movement,42.1,0.03968,0.10891,0
SES-006840,0,None,3.55,0.017589,0.046346,0
SES-010489,1,Lateral Movement,35.9,0.042909,0.118055,0
SES-012962,1,Device Spoofing,37.15,0.032235,0.087824,0
SES-002088,0,None,2.4286,0.034205,0.093403,0
SES-004622,0,None,5.1,0.015223,0.039644,0
SES-001360,0,None,5.0,0.016893,0.044375,0
SES-006958,0,None,3.2625,0.042977,0.118246,0
SES-007682,0,None,4.5833,0.044766,0.123313,0
SES-012819,0,None,4.05,0.046548,0.128359,1
SES-001676,0,None,9.7684,0.034385,0.093912,0
SES-011338,1,Low-and-Slow Exfiltration,46.3875,0.049595,0.136991,1
SES-007286,1,USB Data Theft,34.0125,0.035794,0.097904,0
SES-005855,0,None,11.6875,0.015882,0.041511,0
SES-001052,0,None,6.1429,0.044072,0.121348,0
SES-002591,0,None,6.5286,0.035464,0.09697,0
SES-008352,0,None,3.5,0.041747,0.114764,0
SES-000437,1,Low-and-Slow Exfiltration,34.0,0.028768,0.078006,0
SES-002907,0,None,3.7136,0.028072,0.076033,0
SES-006302,0,None,7.1,0.016949,0.044532,0
SES-002952,0,None,0.55,0.027803,0.075273,0
SES-005711,0,None,3.5,0.025518,0.0688,0
SES-008737,0,None,6.0321,0.050054,0.13829,1
SES-011231,0,None,12.7143,0.022067,0.059028,0
SES-000568,1,Privilege Escalation,42.3333,0.038906,0.106718,0
SES-004004,0,None,10.4333,0.030635,0.083294,0
SES-003616,0,None,3.05,0.021105,0.056303,0
SES-008048,0,None,5.4,0.016901,0.044398,0
SES-012651,0,None,3.0167,0.029306,0.07953,0
SES-009582,0,None,11.575,0.018331,0.048447,0
SES-009202,0,None,9.4,0.013358,0.034363,0
SES-004200,0,None,3.95,0.035997,0.09848,0
SES-011035,0,None,3.0429,0.035316,0.096551,0
SES-003094,0,None,6.2143,0.022436,0.060072,0
SES-006557,0,None,4.575,0.029581,0.080308,0
SES-008141,0,None,9.75,0.02433,0.065437,0
SES-000044,0,None,0.0,0.03667,0.100383,0
SES-002742,1,Data Exfiltration,43.1182,0.06382,0.177275,1
SES-002008,0,None,8.5,0.010529,0.026351,0
SES-012576,0,None,10.7667,0.054375,0.150527,1
SES-001181,0,None,8.6508,0.03706,0.101489,0
SES-012705,0,None,6.875,0.016407,0.042999,0
SES-004929,0,None,1.325,0.03344,0.091237,0
SES-011200,0,None,3.45,0.013952,0.036045,0
SES-010121,0,None,3.6833,0.028127,0.07619,0
SES-001059,0,None,4.4143,0.01489,0.038703,0
SES-006413,0,None,2.075,0.009864,0.024468,0
SES-003751,0,None,3.1562,0.029515,0.08012,0
SES-007946,0,None,7.2438,0.036312,0.09937,0
SES-002154,0,None,0.0,0.005618,0.012443,0
SES-003505,0,None,5.4,0.023219,0.062289,0
SES-009601,0,None,5.0,0.028509,0.077272,0
SES-009890,0,None,5.1,0.021471,0.05734,0
SES-003859,0,None,6.6688,0.03066,0.083364,0
SES-005809,0,None,4.5,0.029984,0.081448,0
SES-003632,0,None,10.0,0.024573,0.066126,0
SES-001598,0,None,6.2667,0.037963,0.104046,0
SES-005834,0,None,10.7625,0.018964,0.050238,0
SES-012985,0,None,11.5,0.03204,0.087271,0
SES-009778,1,Insider Threat,33.4286,0.051423,0.142168,1
SES-000557,0,None,5.5667,0.026585,0.071822,0
SES-001471,0,None,3.7375,0.017462,0.045985,0
SES-006510,0,None,13.3429,0.03149,0.085714,0
SES-011270,0,None,13.575,0.032916,0.089754,0
SES-007624,0,None,5.9357,0.025054,0.067486,0
SES-000431,0,None,0.0,0.040265,0.110566,0
SES-006440,0,None,3.2857,0.021525,0.057493,0
SES-008696,0,None,6.8571,0.038127,0.104511,0
SES-011106,0,None,10.1562,0.038496,0.105557,0
SES-004133,0,None,5.9,0.01885,0.049917,0
SES-001167,0,None,4.9857,0.025832,0.06969,0
SES-000946,0,None,4.6818,0.037749,0.103442,0
SES-006184,0,None,7.4,0.025554,0.068903,0
SES-002147,0,None,4.2188,0.029291,0.079487,0
SES-009448,0,None,7.4562,0.033865,0.092442,0
SES-000961,0,None,4.3542,0.028569,0.077443,0
SES-006077,0,None,3.6,0.023403,0.06281,0
SES-010722,0,None,4.2357,0.037488,0.1027,0
SES-002975,0,None,5.25,0.018257,0.048236,0
SES-001828,0,None,4.9125,0.03294,0.08982,0
SES-012242,0,None,2.8,0.030807,0.083779,0
SES-000607,0,None,0.0,0.002504,0.003623,0
SES-003509,0,None,11.8,0.04098,0.112591,0
SES-003915,0,None,2.4833,0.028071,0.076031,0
SES-011322,0,None,6.45,0.030151,0.081921,0
SES-004585,0,None,5.65,0.023496,0.063075,0
SES-011946,1,Impossible Travel,36.05,0.016949,0.044533,0
SES-006757,0,None,4.0,0.028113,0.07615,0
SES-012949,0,None,4.45,0.017448,0.045946,0
SES-001752,0,None,8.625,0.04143,0.113865,0
SES-003713,0,None,3.5625,0.025503,0.068759,0
SES-004322,1,Malware Execution,42.3,0.02254,0.060367,0
SES-004624,0,None,2.95,0.040129,0.110181,0
SES-000911,0,None,4.6143,0.029607,0.080382,0
SES-001773,0,None,4.1,0.017243,0.045366,0
SES-005190,0,None,6.2375,0.044684,0.123081,0
SES-005622,0,None,3.4857,0.033067,0.090181,0
SES-012530,0,None,9.0125,0.016353,0.042846,0
SES-001387,0,None,1.4,0.021228,0.05665,0
SES-006865,0,None,2.65,0.019336,0.051294,0
SES-000637,1,Brute Force,35.925,0.129971,0.364621,1
SES-000281,0,None,6.9667,0.025112,0.067651,0
SES-008684,1,Lateral Movement,37.6167,0.033649,0.091828,0
SES-011653,0,None,10.3,0.030352,0.082492,0
SES-003597,0,None,6.6062,0.046582,0.128456,1
SES-001010,0,None,6.5,0.032664,0.089038,0
SES-005213,0,None,5.675,0.024516,0.065964,0
SES-012541,0,None,2.05,0.002295,0.003031,0
SES-010829,0,None,2.5214,0.029474,0.080006,0
SES-012907,0,None,3.55,0.027085,0.07324,0
SES-003980,0,None,2.65,0.02116,0.056458,0
SES-009148,1,Malware Execution,39.95,0.030047,0.081627,0
SES-011138,0,None,5.4875,0.05345,0.147906,1
SES-007409,0,None,6.025,0.020059,0.053342,0
SES-002375,0,None,3.4,0.024427,0.065711,0
SES-005802,0,None,6.9864,0.041982,0.11543,0
SES-003289,0,None,10.6391,0.048538,0.133995,1
SES-004542,0,None,4.4143,0.044389,0.122245,0
SES-006819,0,None,4.25,0.031083,0.084561,0
SES-005910,0,None,6.0,0.018795,0.04976,0
SES-007293,0,None,3.5643,0.033224,0.090625,0
SES-010205,1,Data Exfiltration,42.4833,0.039765,0.109149,0
SES-012122,0,None,11.75,0.034451,0.094099,0
SES-003089,0,None,9.3625,0.035938,0.098312,0
SES-004629,0,None,8.15,0.007542,0.017891,0
SES-003750,0,None,10.5065,0.044831,0.123497,0
SES-010375,0,None,8.75,0.019407,0.051495,0
SES-002859,0,None,11.3571,0.028385,0.076922,0
SES-000426,0,None,0.0,0.03556,0.097241,0
SES-004012,1,Impossible Travel,41.575,0.023229,0.062319,0
SES-004333,0,None,2.5,0.019096,0.050614,0
SES-004954,0,None,10.0,0.01998,0.053118,0
SES-005249,0,None,0.45,0.006153,0.013959,0
SES-010370,0,None,12.0333,0.034024,0.092892,0
SES-006015,1,Malware Execution,41.95,0.033325,0.090913,0
SES-011850,0,None,5.975,0.029562,0.080253,0
SES-002946,0,None,0.9,0.001606,0.001081,0
SES-012875,0,None,4.225,0.030678,0.083415,0
SES-008067,0,None,3.825,0.021978,0.058775,0
SES-002248,0,None,11.1625,0.033681,0.09192,0
SES-010294,0,None,2.5,0.031439,0.085569,0
SES-003406,1,Off-hours Access,28.35,0.01824,0.04819,0
SES-010522,0,None,2.6833,0.046465,0.128126,1
SES-003585,0,None,3.8214,0.034645,0.094648,0
SES-001635,0,None,5.4603,0.02434,0.065466,0
SES-010515,0,None,3.6643,0.017945,0.047353,0
SES-012820,0,None,1.75,0.040023,0.109881,0
SES-005730,0,None,8.3,0.033805,0.092271,0
SES-010740,0,None,6.6,0.012257,0.031244,0
SES-007574,0,None,7.45,0.021603,0.057713,0
SES-005890,0,None,3.1286,0.023115,0.061995,0
SES-011393,0,None,11.525,0.042172,0.115967,0
SES-005005,0,None,2.6,0.025365,0.068368,0
SES-011931,0,None,10.3,0.014903,0.038738,0
SES-003900,0,None,4.15,0.014168,0.036658,0
SES-007490,0,None,8.35,0.024054,0.064655,0
SES-010870,0,None,2.25,0.04841,0.133632,1
SES-005027,0,None,9.75,0.026686,0.072109,0
SES-001436,0,None,1.596,0.03258,0.088801,0
SES-011757,0,None,4.45,0.030891,0.084019,0
SES-002076,0,None,3.9,0.028221,0.076456,0
SES-005564,0,None,3.475,0.013909,0.035922,0
SES-011159,0,None,7.275,0.026249,0.070871,0
SES-012639,1,Insider Threat,28.0167,0.038615,0.105892,0
SES-000177,0,None,0.0,0.029807,0.080948,0
SES-001441,0,None,3.4143,0.039177,0.107485,0
SES-001979,0,None,6.1875,0.042762,0.117638,0
SES-003852,0,None,3.3,0.057104,0.158257,1
SES-004352,0,None,4.35,0.009153,0.022453,0
SES-001307,0,None,1.1429,0.024442,0.065755,0
SES-007353,0,None,11.9,0.014921,0.038791,0
SES-009661,0,None,6.75,0.03441,0.093985,0
SES-007575,0,None,4.1833,0.022605,0.060552,0
SES-001522,0,None,2.7143,0.018468,0.048835,0
SES-006010,0,None,4.0643,0.02362,0.063426,0
SES-001855,0,None,4.075,0.036807,0.100773,0
SES-008746,0,None,5.7643,0.03387,0.092454,0
SES-004187,0,None,5.975,0.026188,0.070699,0
SES-009935,0,None,1.95,0.023881,0.064166,0
SES-006983,0,None,2.8143,0.030027,0.081572,0
SES-008237,0,None,4.7562,0.046946,0.129488,1
SES-002010,0,None,6.75,0.018615,0.049252,0
SES-003812,0,None,2.1312,0.029651,0.080506,0
SES-003362,0,None,4.25,0.011613,0.029422,0
SES-004933,0,None,3.325,0.021839,0.058382,0
SES-002603,0,None,3.475,0.0389,0.1067,0
SES-005745,1,Data Exfiltration,47.0833,0.043021,0.118372,0
SES-012768,1,Brute Force,37.8,0.095148,0.266,1
SES-004799,0,None,5.1,0.02206,0.059007,0
SES-010882,0,None,2.4786,0.03039,0.082599,0
SES-006732,0,None,4.1357,0.03722,0.101943,0
SES-005170,1,Off-hours Access,23.8643,0.03313,0.09036,0
SES-004167,0,None,6.05,0.029949,0.081349,0
SES-002246,0,None,7.9714,0.030058,0.08166,0
SES-012890,0,None,2.175,0.027149,0.07342,0
SES-012579,1,Insider Threat,28.825,0.036197,0.099045,0
SES-001267,0,None,7.5184,0.035487,0.097033,0
SES-009822,1,Insider Threat,26.7091,0.04094,0.112478,0
SES-000893,0,None,3.1429,0.048241,0.133154,1
SES-001864,1,Brute Force,40.3384,0.12492,0.350318,1
SES-009323,0,None,6.925,0.020072,0.053377,0
SES-003280,0,None,8.425,0.026426,0.071372,0
SES-006023,0,None,3.0375,0.019288,0.051156,0
SES-011682,1,Privilege Escalation,42.5571,0.029695,0.08063,0
SES-012162,0,None,6.275,0.029173,0.079152,0
SES-001171,0,None,3.6333,0.021317,0.056904,0
SES-009760,0,None,2.2714,0.023581,0.063314,0
SES-012480,0,None,8.5,0.026164,0.070632,0
SES-011907,0,None,0.6,0.002922,0.004808,0
SES-008937,0,None,6.15,0.002213,0.002798,0
SES-011960,0,None,4.7833,0.038312,0.105034,0
SES-008333,0,None,2.7812,0.029851,0.081074,0
SES-009053,0,None,10.6,0.020606,0.05489,0
SES-005239,0,None,3.075,0.011427,0.028895,0
SES-012060,0,None,5.25,0.020302,0.05403,0
SES-003225,0,None,2.9,0.026712,0.072181,0
SES-010874,0,None,4.375,0.021967,0.058745,0
SES-011468,0,None,2.2,0.025041,0.06745,0
SES-012009,0,None,6.35,0.011917,0.030282,0
SES-005390,0,None,4.825,0.034903,0.09538,0
SES-006234,0,None,2.6,0.021351,0.057,0
SES-004695,0,None,8.0062,0.024124,0.064852,0
SES-003310,1,Beaconing C2,38.9596,0.064047,0.177919,1
SES-006495,0,None,1.2,0.005171,0.011177,0
SES-006571,0,None,4.9714,0.019919,0.052944,0
SES-007856,1,Data Exfiltration,42.55,0.046008,0.12683,1
SES-009909,0,None,1.8,0.02756,0.074586,0
SES-010968,0,None,5.4875,0.032292,0.087987,0
SES-004663,0,None,7.05,0.016203,0.04242,0
SES-010599,0,None,3.1286,0.03281,0.089453,0
SES-009606,1,Malware Execution,45.25,0.044765,0.123309,0
SES-003520,0,None,6.3375,0.022668,0.060729,0
SES-008629,0,None,6.0455,0.051652,0.142814,1
SES-005914,1,Privilege Escalation,44.2,0.157197,0.44173,1
SES-006017,0,None,6.65,0.009668,0.023912,0
SES-008027,1,Off-hours Access,21.4,0.012282,0.031314,0
SES-007809,0,None,2.8333,0.044424,0.122345,0
SES-013002,0,None,4.2562,0.029575,0.08029,0
SES-005858,0,None,3.075,0.018416,0.048689,0
SES-010340,0,None,4.95,0.013152,0.03378,0
SES-004003,0,None,12.2143,0.048753,0.134606,1
SES-007551,0,None,7.55,0.011117,0.028016,0
SES-011959,1,Malware Execution,42.2357,0.029555,0.080234,0
SES-011739,1,Data Exfiltration,46.1667,0.058202,0.161365,1
SES-008163,0,None,6.3545,0.037736,0.103403,0
SES-003716,0,None,8.5,0.016967,0.044585,0
SES-007714,0,None,2.75,0.019845,0.052734,0
SES-002268,0,None,6.575,0.018586,0.04917,0
SES-003773,0,None,7.3333,0.034528,0.094317,0
SES-002037,0,None,4.75,0.018913,0.050094,0
SES-011258,1,Credential Stuffing,35.9357,0.072739,0.202536,1
SES-008235,0,None,5.05,0.02654,0.071695,0
SES-007062,0,None,6.35,0.03391,0.092568,0
SES-005067,0,None,2.85,0.022101,0.059125,0
SES-008360,0,None,7.575,0.027564,0.074597,0
SES-012456,0,None,0.45,0.002848,0.004597,0
SES-004810,1,Off-hours Access,22.625,0.02912,0.079003,0
SES-002402,0,None,6.6875,0.013208,0.033937,0
SES-004802,0,None,4.6375,0.053395,0.14775,1
SES-009666,0,None,5.05,0.026164,0.070632,0
SES-000759,0,None,9.7,0.01916,0.050793,0
SES-000865,0,None,7.9062,0.032566,0.088762,0
SES-004370,0,None,3.8833,0.04484,0.123522,0
SES-003099,0,None,3.3375,0.015422,0.040209,0
SES-004094,0,None,5.45,0.03141,0.085488,0
SES-007654,0,None,3.725,0.026383,0.071251,0
SES-005674,0,None,5.55,0.026964,0.072896,0
SES-003449,0,None,4.6357,0.038578,0.105789,0
SES-010666,0,None,8.95,0.027546,0.074544,0
SES-007224,0,None,1.5,0.021696,0.057977,0
SES-001283,0,None,3.0833,0.021806,0.058288,0
SES-006435,0,None,4.9,0.032013,0.087195,0
SES-002395,0,None,4.05,0.026332,0.071105,0
SES-011110,0,None,5.475,0.027603,0.074706,0
SES-003734,0,None,3.9929,0.033179,0.090498,0
SES-007638,0,None,4.225,0.041107,0.112951,0
SES-002243,0,None,6.5833,0.016881,0.044339,0
SES-010268,0,None,1.9,0.02776,0.07515,0
SES-005769,0,None,4.3667,0.030584,0.08315,0
SES-007633,0,None,2.7,0.024634,0.066297,0
SES-007003,0,None,3.85,0.030681,0.083422,0
SES-012099,0,None,4.425,0.022841,0.06122,0
SES-000569,0,None,0.0,0.040089,0.110068,0
SES-007863,0,None,2.05,0.029083,0.078897,0
SES-004587,0,None,3.05,0.001529,0.000863,0
SES-000449,0,None,8.5,0.023783,0.063886,0
SES-011596,0,None,3.25,0.030957,0.084206,0
SES-009017,0,None,4.2,0.014172,0.036669,0
SES-007468,0,None,6.1,0.016504,0.043273,0
SES-008624,0,None,3.2357,0.023837,0.064039,0
SES-002786,0,None,3.85,0.02994,0.081324,0
SES-008238,0,None,9.6,0.034226,0.093463,0
SES-006251,0,None,3.5,0.012886,0.033027,0
SES-000669,0,None,5.8143,0.023836,0.064037,0
SES-001417,0,None,7.5429,0.016398,0.042973,0
SES-012349,0,None,4.15,0.035493,0.097051,0
SES-000370,0,None,5.86,0.031203,0.084903,0
SES-007234,0,None,4.875,0.01415,0.036606,0
SES-004048,0,None,1.5,0.003493,0.006423,0
SES-008749,0,None,5.0625,0.018353,0.048508,0
SES-004807,0,None,3.325,0.028431,0.07705,0
SES-003357,1,Malware Execution,47.9643,0.030186,0.082021,0
SES-011911,0,None,0.45,0.003518,0.006496,0
SES-000943,0,None,2.6051,0.048492,0.133866,1
SES-009260,0,None,3.925,0.023385,0.06276,0
SES-003116,0,None,10.015,0.015931,0.04165,0
SES-004609,0,None,3.8,0.024304,0.065364,0
SES-007537,0,None,3.1136,0.041455,0.113936,0
SES-001796,0,None,4.4505,0.044902,0.1237,0
SES-002541,0,None,1.725,0.029593,0.080341,0
SES-001728,0,None,3.3295,0.018008,0.047532,0
SES-004239,0,None,1.925,0.016484,0.043216,0
SES-005492,0,None,3.8143,0.035327,0.096581,0
SES-003146,0,None,3.9175,0.02354,0.063198,0
SES-006636,1,Brute Force,36.5,0.127429,0.357422,1
SES-010913,0,None,5.225,0.017465,0.045995,0
SES-000624,0,None,5.125,0.037782,0.103534,0
SES-001161,0,None,9.102,0.026535,0.071681,0
SES-007842,0,None,2.75,0.02045,0.054449,0
SES-003040,0,None,4.5643,0.02185,0.058414,0
SES-011241,0,None,4.925,0.03575,0.097779,0
SES-008461,0,None,0.4143,0.039646,0.108813,0
SES-010790,0,None,9.5273,0.040122,0.110162,0
SES-010399,0,None,3.15,0.039436,0.108219,0
SES-012712,0,None,4.45,0.015402,0.040152,0
SES-009289,0,None,5.65,0.018032,0.0476,0
SES-003023,0,None,9.825,0.027821,0.075323,0
SES-008791,0,None,3.4,0.026816,0.072476,0
SES-011075,1,Data Exfiltration,43.65,0.044533,0.122653,0
SES-001432,0,None,5.5143,0.016106,0.042144,0
SES-008096,0,None,3.45,0.026802,0.072437,0
SES-012377,0,None,6.0625,0.031718,0.08636,0
SES-009780,0,None,3.6,0.023804,0.063947,0
SES-005143,1,Brute Force,39.1,0.140313,0.393911,1
SES-001621,0,None,3.925,0.01354,0.034877,0
SES-003148,0,None,4.0464,0.024522,0.06598,0
SES-012157,0,None,5.3,0.016667,0.043734,0
SES-000652,0,None,0.0,0.020586,0.054833,0
SES-007965,0,None,2.3,0.025013,0.06737,0
SES-002968,0,None,1.6,0.002141,0.002596,0
SES-008128,0,None,3.225,0.015375,0.040075,0
SES-011096,1,Low-and-Slow Exfiltration,42.6429,0.058772,0.16298,1
SES-006410,0,None,4.3857,0.033742,0.092092,0
SES-010256,0,None,6.4167,0.021251,0.056717,0
SES-000702,0,None,5.375,0.029385,0.079752,0
SES-000604,0,None,0.0,0.002632,0.003984,0
SES-003058,0,None,4.75,0.038997,0.106976,0
SES-002943,0,None,5.9,0.035126,0.096013,0
SES-006710,0,None,4.55,0.025678,0.069253,0
SES-006847,0,None,3.75,0.017544,0.046217,0
SES-006048,0,None,4.65,0.034308,0.093695,0
SES-003613,0,None,6.6813,0.04624,0.127488,1
SES-005690,0,None,2.9188,0.037304,0.10218,0
SES-006896,0,None,4.0357,0.020173,0.053663,0
SES-001832,0,None,2.6,0.025855,0.069757,0
SES-010747,1,Suspicious PowerShell,45.7563,0.050145,0.138547,1
SES-009671,0,None,5.25,0.013271,0.034116,0
SES-008922,0,None,0.6,0.001627,0.001141,0
SES-001463,0,None,1.75,0.031672,0.08623,0
SES-005550,0,None,2.2,0.015742,0.041114,0
SES-006581,0,None,3.8,0.025465,0.068651,0
SES-012996,0,None,4.55,0.03502,0.095713,0
SES-011397,1,Off-hours Access,25.15,0.034217,0.093438,0
SES-002068,0,None,4.475,0.018253,0.048225,0
SES-003898,0,None,2.375,0.024441,0.065752,0
SES-007652,0,None,4.45,0.003307,0.005897,0
SES-007602,0,None,0.9,0.003585,0.006685,0
SES-006232,0,None,4.1143,0.025754,0.069468,0
SES-011325,0,None,4.4,0.028007,0.075849,0
SES-009912,0,None,2.225,0.042084,0.115719,0
SES-004959,1,Lateral Movement,37.85,0.044538,0.122669,0
SES-007887,1,Low-and-Slow Exfiltration,42.8,0.044104,0.121438,0
SES-005821,1,Low-and-Slow Exfiltration,43.55,0.051021,0.141028,1
SES-012189,0,None,4.1,0.021236,0.056675,0
SES-010343,0,None,1.25,0.004569,0.009472,0
SES-008582,0,None,1.875,0.030891,0.084019,0
SES-010202,0,None,8.975,0.039371,0.108033,0
SES-006625,0,None,3.1,0.041241,0.11333,0
SES-007146,0,None,5.5,0.036161,0.098943,0
SES-008135,0,None,8.4,0.031854,0.086746,0
SES-008661,0,None,3.4714,0.023869,0.064131,0
SES-005119,0,None,5.8,0.023304,0.062532,0
SES-011984,0,None,4.9286,0.041677,0.114564,0
SES-003634,0,None,3.7,0.018731,0.049578,0
SES-010987,0,None,8.0071,0.030189,0.082029,0
SES-008964,0,None,5.65,0.026487,0.071545,0
SES-009463,0,None,10.3071,0.034835,0.095187,0
SES-012389,0,None,6.9,0.017899,0.047223,0
SES-008827,0,None,7.4625,0.01439,0.037285,0
SES-003052,0,None,8.35,0.022299,0.059684,0
SES-002004,0,None,6.3295,0.045985,0.126765,1
SES-005210,0,None,4.1938,0.024395,0.065622,0
SES-011237,0,None,9.55,0.0199,0.05289,0
SES-004215,0,None,10.7,0.017308,0.045551,0
SES-005759,0,None,5.2,0.022241,0.059521,0
SES-005685,0,None,7.3063,0.028486,0.077207,0
SES-002701,0,None,8.225,0.02301,0.061699,0
SES-012438,0,None,6.15,0.016523,0.043327,0
SES-003730,0,None,3.7857,0.022887,0.06135,0
SES-002640,0,None,5.5,0.02477,0.066684,0
SES-012321,0,None,5.35,0.01583,0.041364,0
SES-012655,0,None,2.425,0.011829,0.030033,0
SES-010551,0,None,3.325,0.029774,0.080856,0
SES-005462,0,None,3.75,0.019744,0.05245,0
SES-002223,0,None,9.665,0.043393,0.119426,0
SES-004516,0,None,10.8071,0.021916,0.058601,0
SES-001461,0,None,4.275,0.011771,0.029869,0
SES-010719,0,None,3.9786,0.041705,0.114643,0
SES-012167,0,None,3.8625,0.020524,0.054657,0
SES-006515,1,Credential Stuffing,44.95,0.1483,0.416532,1
SES-008542,0,None,2.2214,0.030316,0.08239,0
SES-012770,0,None,3.0583,0.051496,0.142373,1
SES-006059,0,None,5.8429,0.049616,0.137049,1
SES-012757,0,None,4.25,0.025599,0.069031,0
SES-006739,0,None,1.8143,0.023082,0.061903,0
SES-005579,0,None,1.0,0.035994,0.098471,0
SES-002249,0,None,2.9275,0.034168,0.093297,0
SES-000259,0,None,0.0,0.027424,0.074198,0
SES-011900,0,None,0.9,0.004606,0.009577,0
SES-011812,0,None,6.8857,0.029703,0.080652,0
SES-012990,0,None,6.3364,0.048572,0.134092,1
SES-005501,0,None,4.15,0.014299,0.037027,0
SES-009406,0,None,5.75,0.013472,0.034685,0
SES-004650,0,None,5.7,0.027284,0.073801,0
SES-012467,0,None,0.45,0.004663,0.009738,0
SES-012367,0,None,5.6,0.033981,0.092768,0
SES-004555,0,None,2.6,0.023471,0.063004,0
SES-009095,0,None,4.0667,0.029122,0.079009,0
SES-010247,0,None,2.8,0.020401,0.054308,0
SES-001624,0,None,5.75,0.016423,0.043042,0
SES-001373,0,None,1.2292,0.029065,0.078848,0
SES-003619,0,None,8.1894,0.039681,0.108911,0
SES-012360,0,None,8.7,0.019844,0.052732,0
SES-004558,1,Privilege Escalation,43.3,0.034334,0.093769,0
SES-000618,0,None,0.0,0.011941,0.030348,0
SES-009970,0,None,4.9125,0.01582,0.041335,0
SES-005763,0,None,14.55,0.0186,0.04921,0
SES-012668,0,None,5.525,0.015545,0.040556,0
SES-002056,0,None,8.9345,0.033744,0.092099,0
