device_uuid,device_id,device_type,operating_system,browser,owner_id,trusted
b641d449-31f0-4021-9b6f-be204b3a9a83,DEV-0001,Desktop,macOS,Safari,EMP-0001,True
08207d4e-812f-4d98-b777-6609db576a7f,DEV-0002,Laptop,Windows,Chrome,EMP-0001,True
fcba6c80-8c7a-4939-bf0d-d3c2ac4dcd33,DEV-0003,Laptop,macOS,Chrome,EMP-0001,True
3e4c943a-3dab-4a61-8a69-3650a9a2e9cd,DEV-0004,Laptop,Linux,Chrome,EMP-0002,True
fe4cefed-6f55-4c9e-9b00-0f9f16e500e5,DEV-0005,Laptop,macOS,Safari,EMP-0002,True
b81bda1d-386a-4050-87c5-8839c42cd0ba,DEV-0006,Laptop,Windows,Firefox,EMP-0003,True
ec38704b-22c0-4ee9-aa5c-a8cd1f835b8d,DEV-0007,Laptop,Linux,Firefox,EMP-0003,True
9372e80d-ee89-4190-b94b-5d35df377ff8,DEV-0008,Desktop,Windows,Edge,EMP-0004,True
b99b70d6-bc6a-48a7-be33-2380b7aa53b6,DEV-0009,Laptop,macOS,Chrome,EMP-0005,True
3bbdf80c-cef6-4a14-afdc-c21bdb2c0eb7,DEV-0010,Laptop,macOS,Safari,EMP-0005,True
302b0401-efed-498b-979a-7368bd96bb0a,DEV-0011,Laptop,Linux,Chrome,EMP-0006,True
bca6a6b0-93b0-427e-a154-7769f43dd740,DEV-0012,Laptop,Windows,Firefox,EMP-0007,True
6c778135-fad7-4ab7-a35d-8150d8dcc3a5,DEV-0013,Laptop,Windows,Chrome,EMP-0007,True
973d1855-9a03-4d06-a9eb-0bf9850e6d30,DEV-0014,Laptop,Windows,Edge,EMP-0008,True
d0ef1299-250b-4c5a-90e0-8a8175ea1023,DEV-0015,Laptop,Linux,Firefox,EMP-0008,True
bf3f51d5-2557-482c-888c-6ea499f9a338,DEV-0016,Desktop,Windows,Chrome,EMP-0009,True
51f4a724-9950-4858-88ca-c260b3f5a21c,DEV-0017,Mobile,Android,Chrome,EMP-0009,True
92efd363-b4de-44a4-9900-da4bff317846,DEV-0018,Laptop,macOS,Chrome,EMP-0009,True
cf69ef2d-fb2c-4c83-8f0e-5767606ffa15,DEV-0019,Laptop,Linux,Firefox,EMP-0010,True
bc5882ec-b34d-4663-b99e-4d08cf7798cc,DEV-0020,Laptop,Linux,Firefox,EMP-0011,True
d0a4a31a-fc00-43e7-8c91-ef0e644d852c,DEV-0021,Desktop,Linux,Chrome,EMP-0012,True
793228b9-ad8a-44bc-ac24-dcaa566082e1,DEV-0022,Desktop,macOS,Safari,EMP-0013,True
4849032c-4875-4d16-ba0c-96e28720d00f,DEV-0023,Mobile,Android,Chrome,EMP-0013,True
ca9128fb-c094-4932-92cb-8f692182b518,DEV-0024,Laptop,Windows,Chrome,EMP-0014,True
a79617c4-7520-499e-8dd7-cb5cb5a78756,DEV-0025,Laptop,macOS,Safari,EMP-0014,True
cdea6f52-37d7-4ab3-b5b3-3f5425131cd4,DEV-0026,Laptop,Windows,Chrome,EMP-0015,True
c9167a93-ada6-4c4b-9a19-40e4935fe6e2,DEV-0027,Desktop,Linux,Firefox,EMP-0016,True
2b10a823-d777-4933-adf0-1fe06d572692,DEV-0028,Mobile,iOS,Chrome,EMP-0016,True
1e0a7157-0d6e-401e-b1ef-a9632dfc6b9c,DEV-0029,Mobile,iOS,Chrome,EMP-0016,True
3eb862c6-676c-469f-b8f9-1075a08145d2,DEV-0030,Laptop,Linux,Firefox,EMP-0017,True
2c281bbd-f45d-4d91-989d-a530b01fb9f3,DEV-0031,Laptop,Linux,Chrome,EMP-0017,True
16f0c19c-a894-411e-abb5-58e1cb9a6ed5,DEV-0032,Laptop,Linux,Firefox,EMP-0017,True
02f86044-5e08-4249-b1f3-4593a737d19b,DEV-0033,Desktop,macOS,Chrome,EMP-0018,True
399557cb-827e-40b2-a892-0b25ab35f75a,DEV-0034,Laptop,Windows,Chrome,EMP-0018,True
97c6eb3c-cb5a-4c0e-9834-a40dbecfdded,DEV-0035,Laptop,Windows,Chrome,EMP-0019,True
534234cf-1974-4b71-a00f-7ed09248c8c8,DEV-0036,Laptop,Windows,Chrome,EMP-0020,True
64cfd9b9-050e-4961-b363-d272d0181ce6,DEV-0037,Desktop,Windows,Chrome,EMP-0021,True
89fab5cc-95b0-4f8a-964f-10b584d6b400,DEV-0038,Laptop,macOS,Chrome,EMP-0022,True
351c586a-c0c3-459e-80e5-ea1a1fc45171,DEV-0039,Mobile,Android,Chrome,EMP-0022,True
727dda84-8e02-4ef0-815c-e9f42e106355,DEV-0040,Desktop,Linux,Firefox,EMP-0023,True
167b6ea0-2945-4370-a713-72ab34cb7b9a,DEV-0041,Mobile,iOS,Safari,EMP-0023,True
4c6f9a45-8192-4f8f-9fed-7603fadc9704,DEV-0042,Laptop,Windows,Chrome,EMP-0023,True
0bd18d4a-4cf4-4edd-bf93-04fa00059b9d,DEV-0043,Laptop,Windows,Firefox,EMP-0024,True
88baef4a-a8be-4d1f-8b1c-0df3c865b35c,DEV-0044,Mobile,Android,Chrome,EMP-0024,True
9b2e18c0-5a24-491d-bf2e-1955fc6bc66b,DEV-0045,Laptop,Windows,Chrome,EMP-0025,True
0b73ca1c-d1dc-41e5-a9a1-44751958a981,DEV-0046,Mobile,Android,Chrome,EMP-0025,True
8d548038-9a26-4279-a25b-74adf519ab52,DEV-0047,Laptop,Linux,Firefox,EMP-0026,True
42bb8f63-4145-4abc-8cc2-e0f013093c17,DEV-0048,Laptop,Windows,Edge,EMP-0027,True
f0b0e729-6ce3-4d67-ad30-c94b4111e681,DEV-0049,Desktop,Windows,Chrome,EMP-0028,True
44f760a8-bb90-4511-a12b-61ae12101787,DEV-0050,Mobile,Android,Chrome,EMP-0028,True
82ece8aa-d20c-4375-a5d4-53c4a845fee9,DEV-0051,Laptop,Windows,Chrome,EMP-0029,True
c9ac376c-fe11-430e-90fc-fdaa274b369e,DEV-0052,Mobile,Android,Chrome,EMP-0029,True
880e6ddd-1fe7-4d21-8526-ed6213d8a6e6,DEV-0053,Laptop,Windows,Edge,EMP-0029,True
c72fa86e-5561-4496-a8c4-4e4c5ce1bcc2,DEV-0054,Laptop,Windows,Edge,EMP-0030,True
38e3c67d-f801-4a19-babf-8aef608d4b54,DEV-0055,Desktop,Linux,Chrome,EMP-0031,True
96bd5e9f-4e7a-481e-a021-8cafba73aa4e,DEV-0056,Laptop,Windows,Chrome,EMP-0032,True
4563cafe-8d31-4f34-8830-effedd8abf0a,DEV-0057,Laptop,Windows,Edge,EMP-0033,True
c07abe48-f24e-4fd6-9168-36122bb61a4e,DEV-0058,Mobile,Android,Firefox,EMP-0033,True
8d3a5b2d-881c-4211-89eb-597bf7ceddc4,DEV-0059,Laptop,Windows,Edge,EMP-0033,True
b695c2bf-8379-45ed-afc8-d769026e6d11,DEV-0060,Desktop,Windows,Chrome,EMP-0034,True
44725ab7-bc44-4417-914b-a9bb60f91495,DEV-0061,Mobile,iOS,Safari,EMP-0034,True
6b1205aa-9bd3-4580-ad9f-835f3fc5c786,DEV-0062,Laptop,macOS,Safari,EMP-0035,True
f3dea9dc-469c-458b-896d-036a8092189b,DEV-0063,Laptop,macOS,Safari,EMP-0036,True
a2b8fdcc-4e20-4377-ba90-48ccd063d3e7,DEV-0064,Laptop,macOS,Safari,EMP-0036,True
13a22a82-1458-471d-a27a-2bda1713742b,DEV-0065,Desktop,Windows,Chrome,EMP-0037,True
492d85a7-be50-4500-95a7-5ed90eb2858f,DEV-0066,Mobile,Android,Chrome,EMP-0037,True
eeb47b07-8239-41c4-ad52-09e76c8a30c1,DEV-0067,Laptop,macOS,Firefox,EMP-0038,True
ad411244-ff79-40f4-af64-257283d7cafc,DEV-0068,Mobile,Android,Chrome,EMP-0038,True
01ddc628-bef4-4f0c-94d6-761ce92fd9fd,DEV-0069,Laptop,Windows,Edge,EMP-0039,True
a942b4d7-bd2d-4fff-be85-544c3e859c67,DEV-0070,Mobile,Android,Chrome,EMP-0039,True
72dadc21-9b7c-4539-8ad7-d77c9bf41cc6,DEV-0071,Desktop,macOS,Safari,EMP-0040,True
2cc09f87-399e-4823-a75f-58ba86052bef,DEV-0072,Mobile,Android,Firefox,EMP-0040,True
7ed99a6b-6c37-46c2-8d08-367ef3d5f737,DEV-0073,Laptop,macOS,Safari,EMP-0040,True
d9cc8656-8a03-4e43-94ec-05953ff09d13,DEV-0074,Laptop,Linux,Firefox,EMP-0041,True
a194c7b1-bcef-40f8-8092-6d61368b7d68,DEV-0075,Laptop,Linux,Chrome,EMP-0042,True
83f9b580-a499-4b92-b589-de14eee06433,DEV-0076,Laptop,Linux,Chrome,EMP-0042,True
0eb81b17-7cff-47e3-992d-95199e24c724,DEV-0077,Mobile,iOS,Safari,EMP-0042,True
b8f16861-e3e3-473b-9987-5c7d0151ccb0,DEV-0078,Laptop,Linux,Chrome,EMP-0043,True
e604bfbe-83aa-422f-8772-df4a15b1c4a6,DEV-0079,Laptop,Windows,Chrome,EMP-0044,True
787fb578-39e1-409d-8008-d4daa819213d,DEV-0080,Laptop,Windows,Chrome,EMP-0045,True
fd474d95-1bd3-4f41-84fc-c054cfc15689,DEV-0081,Laptop,Linux,Chrome,EMP-0046,True
017cc74e-6f18-4343-bf41-5c985a8e8f05,DEV-0082,Laptop,macOS,Chrome,EMP-0046,True
6bca4f86-6500-4793-a238-dfc60a4e3ccf,DEV-0083,Desktop,Windows,Chrome,EMP-0047,True
fba13732-aa4d-4bb8-b5ae-d2e97ab3137c,DEV-0084,Desktop,Linux,Chrome,EMP-0048,True
209f839f-b6dd-4d11-ae86-4837ccc10250,DEV-0085,Laptop,Linux,Firefox,EMP-0048,True
bdecb67a-ec6e-4294-b9da-c7798079cdc9,DEV-0086,Laptop,Windows,Firefox,EMP-0048,True
581848c5-27d1-4990-a049-a289056a3b28,DEV-0087,Laptop,Linux,Chrome,EMP-0049,True
6dfe8745-5796-4d64-9470-1dd2ada5beb9,DEV-0088,Laptop,Windows,Chrome,EMP-0049,True
15263fef-7c65-4bfb-883f-ca724a1a7c2e,DEV-0089,Mobile,Android,Chrome,EMP-0049,True
1d71f339-c448-42af-87f8-b6f13fdd0e2b,DEV-0090,Laptop,Linux,Firefox,EMP-0050,True
79510a45-32cb-48ba-addd-5c02d2137565,DEV-0091,Mobile,Android,Chrome,EMP-0050,True
dad8e2da-fe17-4db3-b04c-9c7b2e625a6f,DEV-0092,Desktop,Windows,Chrome,EMP-0051,True
461bcbc3-09d2-41e0-a6ba-7e5121de2360,DEV-0093,Laptop,Windows,Chrome,EMP-0051,True
615eca80-0d0b-4920-9d46-0c9117478b5c,DEV-0094,Desktop,Linux,Firefox,EMP-0052,True
6d134ea8-560f-4071-b8c6-430f3b3ed7bd,DEV-0095,Laptop,Linux,Firefox,EMP-0052,True
5d13539c-44ed-4fd5-9c2c-8fb14de5f2f7,DEV-0096,Laptop,macOS,Safari,EMP-0052,True
00231f70-0a77-45cc-ae87-46510c2ca7fa,DEV-0097,Laptop,Linux,Chrome,EMP-0053,True
6e4ff4a4-19cb-44c8-9b45-03bce892464d,DEV-0098,Desktop,Linux,Chrome,EMP-0054,True
aed690cc-037f-4347-ab40-256118cd99c9,DEV-0099,Desktop,Windows,Chrome,EMP-0055,True
96c2e045-c75f-4b36-be30-cae95c83b98e,DEV-0100,Desktop,Windows,Edge,EMP-0056,True
1b3ac54c-e31f-4212-9654-c83f62510f01,DEV-0101,Laptop,macOS,Chrome,EMP-0057,True
d141b9e4-a783-41c8-a250-891ae9846baa,DEV-0102,Laptop,Windows,Chrome,EMP-0058,True
4d2d8efd-57c8-494c-9e77-76ae8bec9a50,DEV-0103,Laptop,Windows,Chrome,EMP-0059,True
6b0ffa79-3113-413a-a0b9-98300b373468,DEV-0104,Desktop,Windows,Edge,EMP-0060,True
8f72d6af-e825-449a-9899-39bada7aee9f,DEV-0105,Laptop,Windows,Firefox,EMP-0060,True
7b9a21c4-1155-481f-afa5-f03fe92d6961,DEV-0106,Desktop,Linux,Firefox,EMP-0061,True
462e9af3-9962-4263-aabc-42b1059997f6,DEV-0107,Laptop,Windows,Chrome,EMP-0061,True
f8f40e49-cb5d-4aff-8f90-27d590f0d47c,DEV-0108,Laptop,Linux,Chrome,EMP-0061,True
1332406f-f8b6-4dee-8373-edf3dec91438,DEV-0109,Desktop,Windows,Edge,EMP-0062,True
9b72a9fe-669e-498d-a3e7-3896c784ef4b,DEV-0110,Laptop,Windows,Chrome,EMP-0062,True
edba84d1-e110-4d91-8244-bc44b25c5b50,DEV-0111,Laptop,Linux,Chrome,EMP-0063,True
4bde7d88-3867-462d-9a3b-ce8e4dac49f6,DEV-0112,Laptop,Windows,Chrome,EMP-0064,True
4ab63e0f-3cfb-4642-8897-c4970bad4234,DEV-0113,Mobile,Android,Chrome,EMP-0064,True
df96048a-453b-47f5-a20a-69d3ed601f49,DEV-0114,Laptop,Linux,Firefox,EMP-0064,True
a60da1aa-005b-4f73-9dbe-4a3c88db3692,DEV-0115,Laptop,Windows,Edge,EMP-0065,True
e24cee91-b499-4393-b249-1816154f9eb4,DEV-0116,Laptop,Windows,Chrome,EMP-0065,True
a03e9b5d-0ea8-40ee-bc3a-156a531b49d8,DEV-0117,Laptop,Windows,Edge,EMP-0066,True
0400e249-f8bb-4616-8188-60b92d3e854b,DEV-0118,Desktop,Windows,Firefox,EMP-0067,True
95509b75-c7cf-4659-b063-6972c737327a,DEV-0119,Mobile,Android,Firefox,EMP-0067,True
a05095fa-deba-4297-81e1-5f65a7610e80,DEV-0120,Laptop,Windows,Chrome,EMP-0067,True
a13a9da2-94e7-4b2a-b434-02ef44cfa6ba,DEV-0121,Laptop,macOS,Chrome,EMP-0068,True
bad4f3e0-3b52-4525-b230-b85b27d81ea0,DEV-0122,Mobile,Android,Chrome,EMP-0068,True
d0cb079f-2f5d-4f13-b59a-97252e77abe3,DEV-0123,Laptop,macOS,Chrome,EMP-0069,True
2e2f2127-babf-4375-b17f-b7867d929cc0,DEV-0124,Mobile,Android,Chrome,EMP-0069,True
3016cecc-9b9a-4a55-aff7-45a064ea1dd3,DEV-0125,Laptop,Windows,Chrome,EMP-0070,True
670a858c-f86b-4e95-a526-80b3e8bcd007,DEV-0126,Laptop,Windows,Chrome,EMP-0070,True
624d3473-60bc-4cbc-9987-e6d09a7171aa,DEV-0127,Laptop,Windows,Edge,EMP-0071,True
c5266dc8-3f93-4724-a1d6-7c730b328c23,DEV-0128,Desktop,Windows,Edge,EMP-0072,True
caaa4685-f526-4edf-8267-c983f7636b4d,DEV-0129,Laptop,macOS,Chrome,EMP-0073,True
c279d913-7afd-4923-a3a4-957133cb59ef,DEV-0130,Laptop,Linux,Firefox,EMP-0074,True
8b248c7e-0e4d-4b72-be6a-41f1278e2f60,DEV-0131,Laptop,Linux,Chrome,EMP-0075,True
8b6daa25-1a52-4aa2-8b66-0bcdd32e4757,DEV-0132,Laptop,Windows,Chrome,EMP-0075,True
3a0761d9-0624-4bdf-b96c-8f79e983c62e,DEV-0133,Laptop,macOS,Chrome,EMP-0076,True
afcfea4d-627e-41e1-af35-fbc0e1057ec8,DEV-0134,Laptop,Windows,Chrome,EMP-0077,True
fda2f9a0-2b68-48e3-bde7-f41a1cc6d08a,DEV-0135,Mobile,Android,Chrome,EMP-0077,True
5c494d63-1e4c-4fdf-956e-fce49d9e4da2,DEV-0136,Laptop,macOS,Chrome,EMP-0078,True
55b85720-87cd-4444-adba-97542d95d98d,DEV-0137,Desktop,macOS,Safari,EMP-0079,True
afe9c3dc-aad2-4db6-a4a3-5a102674d1ff,DEV-0138,Mobile,Android,Chrome,EMP-0079,True
7fcee629-ea8e-45a5-8566-5e791a9aab54,DEV-0139,Laptop,macOS,Chrome,EMP-0079,True
dc994976-008e-4990-89f2-79a8138cf37a,DEV-0140,Desktop,macOS,Safari,EMP-0080,True
25d4ec19-51fc-4c23-a586-dcd1a7e60e4e,DEV-0141,Mobile,Android,Chrome,EMP-0080,True
6d6d91e1-93ed-42c5-9cf8-5164113b776e,DEV-0142,Laptop,macOS,Chrome,EMP-0081,True
5a449143-6290-4017-847d-336f2e8f2f7f,DEV-0143,Laptop,Windows,Firefox,EMP-0082,True
a2f87dea-cb22-4b8d-9a0b-d63d69f841b0,DEV-0144,Laptop,Windows,Edge,EMP-0082,True
8ca17f75-6b2d-470a-a218-6d103ef3d5be,DEV-0145,Laptop,Windows,Edge,EMP-0082,True
b70510f8-94ba-4d7c-9567-f88e6276ee87,DEV-0146,Laptop,Windows,Edge,EMP-0083,True
5c98fd57-3c35-4ce2-9656-07c0b3fdec76,DEV-0147,Laptop,Windows,Edge,EMP-0084,True
79533cb7-8ef1-4114-9cc6-24ef04643f52,DEV-0148,Mobile,iOS,Chrome,EMP-0084,True
c75566c2-dde4-4d87-996d-a200d947c72a,DEV-0149,Desktop,Windows,Chrome,EMP-0085,True
ee6c69f7-f8c9-4b4a-8d2f-2114da72ab37,DEV-0150,Mobile,iOS,Safari,EMP-0085,True
1e032a65-2346-426d-bf3b-16810e4d364e,DEV-0151,Mobile,iOS,Safari,EMP-0085,True
0dd867e5-5f26-42a6-acb9-b655f7048d14,DEV-0152,Laptop,Linux,Chrome,EMP-0086,True
287e09f1-ded7-445e-980b-82cbd66248bf,DEV-0153,Mobile,Android,Chrome,EMP-0086,True
d4c0df28-91b5-4cb4-8331-bd0d13ba8d24,DEV-0154,Laptop,Linux,Chrome,EMP-0086,True
f2e2503a-b2d5-45d1-8706-f724bf83f2d4,DEV-0155,Laptop,Linux,Firefox,EMP-0087,True
0361b157-b1fb-4587-a514-b3fcc809a0b4,DEV-0156,Laptop,Linux,Chrome,EMP-0087,True
2c6fc084-c04a-4f68-9aab-1efb0838f528,DEV-0157,Laptop,Linux,Firefox,EMP-0087,True
b61ec0ed-8ddd-4994-b44c-c6aee03fff2c,DEV-0158,Laptop,Windows,Edge,EMP-0088,True
45967e76-2824-462d-ae73-85d86c75a765,DEV-0159,Desktop,macOS,Safari,EMP-0089,True
6680c5e3-363c-4c32-be3e-14022008bd4c,DEV-0160,Mobile,Android,Firefox,EMP-0089,True
13c3fc1b-d77a-40b8-9ae6-befe8f2de908,DEV-0161,Laptop,Windows,Edge,EMP-0090,True
61667c7c-d3c6-45a0-a7b4-a019a452f530,DEV-0162,Mobile,iOS,Safari,EMP-0090,True
5cda0385-13eb-4358-9ab9-f6621bc02912,DEV-0163,Desktop,Windows,Chrome,EMP-0091,True
363fbae9-10b8-41c5-9b41-42aa8aa431e9,DEV-0164,Desktop,Windows,Chrome,EMP-0092,True
ede02d33-a36d-4567-b3a4-4f408d3ba57f,DEV-0165,Laptop,macOS,Chrome,EMP-0092,True
7bdac670-ca4c-4b4d-bc8a-de6a9051385e,DEV-0166,Laptop,macOS,Safari,EMP-0093,True
f56febb1-484b-424b-806e-10295b4d5bbf,DEV-0167,Laptop,macOS,Chrome,EMP-0094,True
acb83fce-b3e1-411b-a128-04c5f94e485d,DEV-0168,Laptop,Windows,Edge,EMP-0095,True
06103d84-2672-420c-866a-5821ceb7f2d6,DEV-0169,Laptop,Windows,Chrome,EMP-0096,True
aeb00fb9-26cb-4e99-a945-e93a4a454398,DEV-0170,Laptop,Windows,Firefox,EMP-0097,True
ae742530-ceb6-4fdc-b734-a78de2682c9f,DEV-0171,Desktop,Windows,Edge,EMP-0098,True
9bd65068-ba8d-4f8c-be05-fcef842c49fa,DEV-0172,Desktop,Linux,Firefox,EMP-0099,True
4a74982e-56ca-4fb3-a196-2a11c90cd1d3,DEV-0173,Laptop,macOS,Chrome,EMP-0099,True
3d365abf-633b-4fff-aed0-cbcfc6305536,DEV-0174,Desktop,Windows,Firefox,EMP-0100,True
18ef9a28-7f5d-47f8-be91-4b95a0b6d265,DEV-0175,Laptop,Windows,Chrome,EMP-0101,True
de16afca-8c11-4ba4-8f3e-2a2cded64d2a,DEV-0176,Mobile,Android,Chrome,EMP-0101,True
4bacfa4a-ef1e-4acf-ab72-9d66504fde7c,DEV-0177,Laptop,Linux,Chrome,EMP-0102,True
b5ed7ce8-2ddf-4675-9235-d52e16d7ba54,DEV-0178,Laptop,Linux,Chrome,EMP-0102,True
7129e2f6-e06c-4678-835d-8f64418af089,DEV-0179,Mobile,iOS,Safari,EMP-0102,True
496042b0-dbe7-4333-9d0c-82050a22be56,DEV-0180,Laptop,Windows,Chrome,EMP-0103,True
8331d711-5de2-4a7d-b0da-152821051c60,DEV-0181,Laptop,macOS,Firefox,EMP-0103,True
e09dd9e8-4348-4887-b339-3f5d8185716a,DEV-0182,Desktop,Windows,Edge,EMP-0104,True
0e9b65bb-a4d4-4431-ba38-f5a09ee08a70,DEV-0183,Mobile,Android,Chrome,EMP-0104,True
1af4cf72-da62-4059-a791-63f402088c91,DEV-0184,Mobile,iOS,Safari,EMP-0104,True
ab4d738c-7657-437c-9fc8-e06063629509,DEV-0185,Laptop,Linux,Chrome,EMP-0105,True
2e266519-15f8-4768-9bef-39f177009b2e,DEV-0186,Laptop,Windows,Firefox,EMP-0106,True
108134dc-5427-4925-a6ca-0baf3310880a,DEV-0187,Desktop,macOS,Safari,EMP-0107,True
1d447f41-79e9-44e1-bdc4-d680b3c95502,DEV-0188,Laptop,macOS,Chrome,EMP-0107,True
9175fc63-51f7-4017-b6a5-fabaa3e53892,DEV-0189,Laptop,Windows,Chrome,EMP-0108,True
cefc0e85-efbb-4216-8ff9-7696615a58bd,DEV-0190,Mobile,iOS,Safari,EMP-0108,True
c234af07-f3e0-4b1f-85df-9333de36992f,DEV-0191,Laptop,Linux,Chrome,EMP-0109,True
14eae37c-67b2-416c-861e-a8aa11baf616,DEV-0192,Laptop,Windows,Chrome,EMP-0110,True
36cf9429-8657-48ff-ab72-e451df0ccde7,DEV-0193,Mobile,iOS,Safari,EMP-0110,True
f69f239b-578e-411f-adb4-6c7fe6d1fe21,DEV-0194,Laptop,macOS,Chrome,EMP-0111,True
8916f0b7-79ba-447e-bb4b-caf86b4a3541,DEV-0195,Mobile,iOS,Safari,EMP-0111,True
d2b12838-639e-4bbc-9200-4957b161fd16,DEV-0196,Laptop,Windows,Chrome,EMP-0112,True
b9046b52-13eb-4599-b2d4-d3a598dd6c3c,DEV-0197,Mobile,iOS,Safari,EMP-0112,True
d34298be-be2a-45c6-bbfe-cb11f06046a1,DEV-0198,Laptop,Windows,Firefox,EMP-0113,True
ef0ec9cb-756a-4e2d-a581-18d126879443,DEV-0199,Mobile,Android,Chrome,EMP-0113,True
b8e7bcf5-854c-4d1f-8347-09826808f471,DEV-0200,Desktop,Linux,Firefox,EMP-0114,True
94108438-f82e-4e1b-a390-0655730733d5,DEV-0201,Laptop,macOS,Chrome,EMP-0115,True
99d76c9c-2a85-48d1-863e-0e478bcc4e8d,DEV-0202,Laptop,macOS,Chrome,EMP-0116,True
5ec91fdc-03ad-41a4-b481-b9cb93ab8d5e,DEV-0203,Laptop,macOS,Firefox,EMP-0117,True
d1ad5c22-8088-47de-8e95-4929e58b2d2d,DEV-0204,Mobile,Android,Chrome,EMP-0117,True
d403fd02-5a2a-43bd-9a0a-e917690f1c3c,DEV-0205,Laptop,Windows,Chrome,EMP-0118,True
75757602-2d02-423f-ad25-32e51d0678b7,DEV-0206,Laptop,Linux,Firefox,EMP-0118,True
48f79726-61ae-4255-af95-94898af2820e,DEV-0207,Laptop,Linux,Firefox,EMP-0118,True
e7e7eec3-ecd5-4fa3-b01a-50979ed0fe5f,DEV-0208,Desktop,Windows,Chrome,EMP-0119,True
043486c3-a64d-4c1d-96f2-83191a936d0c,DEV-0209,Mobile,Android,Chrome,EMP-0119,True
a22eb45b-1986-433d-8b73-aba7ed5edfa2,DEV-0210,Laptop,Windows,Edge,EMP-0120,True
da095b0c-4a37-4da3-aaef-0d3e085acd62,DEV-0211,Mobile,iOS,Safari,EMP-0120,True
f35757c5-7836-4477-9b39-455032103c49,DEV-0212,Laptop,Linux,Chrome,EMP-0121,True
c8ddd9bb-b42e-4714-a515-81bad206e99a,DEV-0213,Desktop,macOS,Chrome,EMP-0122,True
a89f5f9d-e12d-4f58-8482-0852489a4ca4,DEV-0214,Laptop,Linux,Chrome,EMP-0123,True
0110783e-3dd6-431b-ac5d-71336a2adcad,DEV-0215,Laptop,macOS,Safari,EMP-0123,True
84dac679-d113-45ff-973c-ad845fd90dfe,DEV-0216,Laptop,Windows,Chrome,EMP-0124,True
6e15c527-fe2a-4cbc-927a-e04ef58b8c61,DEV-0217,Mobile,Android,Chrome,EMP-0124,True
0d346977-d41b-48bf-a4b0-78a7a4f9a67f,DEV-0218,Laptop,macOS,Chrome,EMP-0124,True
6732ceca-2c78-4c22-ba65-983dfa33fa98,DEV-0219,Laptop,Linux,Firefox,EMP-0125,True
20572e73-cd19-4b5e-b5c4-3078197df05f,DEV-0220,Mobile,Android,Chrome,EMP-0125,True
d65bc676-429e-40e0-aaaa-94c8a097efe3,DEV-0221,Laptop,macOS,Safari,EMP-0126,True
c520d50f-a0ff-4498-82f4-298f6ffad356,DEV-0222,Desktop,Windows,Chrome,EMP-0127,True
067965ab-61e5-48ca-9261-14b7142a6f47,DEV-0223,Laptop,Windows,Firefox,EMP-0128,True
c7101f3d-a1aa-49f0-a26c-2d5a742617e7,DEV-0224,Mobile,Android,Chrome,EMP-0128,True
b9ef9fa8-3ec8-4e58-9728-2d3089111a42,DEV-0225,Laptop,macOS,Chrome,EMP-0129,True
153d1653-4664-4858-8d3f-69eda8c51cca,DEV-0226,Mobile,Android,Chrome,EMP-0129,True
ed5cea4e-7589-44f5-9c66-021e1a79aec1,DEV-0227,Laptop,macOS,Safari,EMP-0130,True
13cf44fe-17c0-4e28-ae3d-9de2e504d1c6,DEV-0228,Laptop,Linux,Chrome,EMP-0130,True
cba20d38-7db4-490d-99c5-9f2d640b7b85,DEV-0229,Laptop,Linux,Firefox,EMP-0130,True
e3c443f1-6010-4b93-ab7f-0864aff54774,DEV-0230,Laptop,macOS,Chrome,EMP-0131,True
a8dfe59a-2dbd-47cf-a754-d4c302988dd2,DEV-0231,Desktop,Windows,Chrome,EMP-0132,True
feb2d172-7be1-4731-98c6-d166fe65b782,DEV-0232,Laptop,Windows,Firefox,EMP-0133,True
4126fa8f-bddf-47eb-8591-5036288c2222,DEV-0233,Mobile,Android,Chrome,EMP-0133,True
375fdd57-2700-460b-82ce-56bd8301b3a6,DEV-0234,Laptop,Linux,Chrome,EMP-0134,True
155c8139-3842-43b4-a378-ff4453d9a4dd,DEV-0235,Mobile,iOS,Safari,EMP-0134,True
178b55e7-f406-46e0-b301-3b087b487db6,DEV-0236,Mobile,Android,Chrome,EMP-0134,True
f243b5c6-833d-4595-afa1-c2327eecdc53,DEV-0237,Laptop,Windows,Edge,EMP-0135,True
f63d3295-47f5-4a35-b7a7-45e2e327119f,DEV-0238,Laptop,Linux,Firefox,EMP-0136,True
b8d8f272-f429-405d-b4b1-6488cb4a1b4b,DEV-0239,Laptop,Windows,Chrome,EMP-0137,True
5199839c-d0de-4fb6-858c-6c02bf409640,DEV-0240,Laptop,macOS,Chrome,EMP-0137,True
d1c06099-a1f8-46ce-a5dc-6ce55fbbdfd7,DEV-0241,Laptop,Linux,Firefox,EMP-0138,True
68e931d8-963d-401f-80c8-c7a382e847ae,DEV-0242,Laptop,Linux,Chrome,EMP-0138,True
1d59b308-07aa-4515-a5f7-6d065a2d465b,DEV-0243,Desktop,Windows,Firefox,EMP-0139,True
3ecd2b8c-5b95-4506-af98-1e44ca782f58,DEV-0244,Mobile,iOS,Safari,EMP-0139,True
b033ee83-518f-4ed4-8277-4ef31f4f4a0f,DEV-0245,Laptop,Windows,Edge,EMP-0140,True
10f4c941-8fc7-4d79-bb8e-de31e61415dd,DEV-0246,Laptop,Windows,Edge,EMP-0141,True
f23ed1fc-9b9f-4efe-b75d-2f0c472e2f3b,DEV-0247,Laptop,macOS,Chrome,EMP-0142,True
6f69a1cf-c196-46e9-aea0-32926bf7d125,DEV-0248,Desktop,Windows,Firefox,EMP-0143,True
0bfa8cd5-7fa7-4708-be72-79cecd7f65f6,DEV-0249,Laptop,Windows,Chrome,EMP-0143,True
3c862582-6202-435d-9756-fd3353ae1065,DEV-0250,Laptop,Windows,Chrome,EMP-0144,True
01308be0-fcea-4a96-9364-ecb5db29920a,DEV-0251,Laptop,Windows,Edge,EMP-0144,True
88914b26-e555-4570-8979-5e75671e9bb8,DEV-0252,Mobile,iOS,Safari,EMP-0144,True
6a429bd5-cd71-42b4-9471-104f1859c5ae,DEV-0253,Laptop,Windows,Chrome,EMP-0145,True
c64d10e3-8e73-4520-946b-9fbc667cf788,DEV-0254,Mobile,iOS,Safari,EMP-0145,True
7e4b4f10-745f-480e-bbe5-403bb24b007b,DEV-0255,Laptop,Windows,Chrome,EMP-0145,True
39590149-077f-4e36-9a4d-67db9e33bdbc,DEV-0256,Desktop,Windows,Chrome,EMP-0146,True
dc83f96f-52a6-43d4-be58-a9701aea2c2c,DEV-0257,Mobile,iOS,Safari,EMP-0146,True
cff1b675-e6fb-476b-b95f-22d530efd76b,DEV-0258,Laptop,Windows,Chrome,EMP-0146,True
e2213776-427a-4472-8d70-0c8bde36390a,DEV-0259,Desktop,macOS,Firefox,EMP-0147,True
caa81f13-9cdd-49a7-b01b-a134544ee743,DEV-0260,Laptop,Windows,Chrome,EMP-0148,True
1eb1dc0c-75f0-46c0-955d-307823447519,DEV-0261,Mobile,iOS,Safari,EMP-0148,True
a30c1e0e-69cd-4159-a53d-fc49f7410b94,DEV-0262,Desktop,macOS,Safari,EMP-0149,True
47d1931c-f9f2-49ab-bd77-71f8a948ec66,DEV-0263,Laptop,Windows,Chrome,EMP-0150,True
c425d020-4389-4f66-9780-29e939d00762,DEV-0264,Mobile,iOS,Safari,EMP-0150,True
db19de67-bc3a-4abb-a5aa-9765a8d3bb7d,DEV-0265,Laptop,Windows,Firefox,EMP-0151,True
77d8b428-3754-4771-aba5-d1c9035c5d03,DEV-0266,Laptop,Windows,Chrome,EMP-0152,True
8390bd94-8713-481f-82f8-6229972c8583,DEV-0267,Laptop,Linux,Chrome,EMP-0153,True
d909e0c9-276c-4935-a7c1-0adb743ac892,DEV-0268,Mobile,Android,Chrome,EMP-0153,True
9ed7a652-de2b-4e58-b3d2-939ef99dd6d5,DEV-0269,Desktop,Windows,Chrome,EMP-0154,True
6c4fe33d-4720-4b6c-9192-5880301db817,DEV-0270,Mobile,Android,Chrome,EMP-0154,True
1b6fb706-e04e-4585-b601-16cf25b4c7aa,DEV-0271,Laptop,macOS,Safari,EMP-0155,True
87e81b25-a971-4404-b9ea-e46107516daa,DEV-0272,Laptop,macOS,Chrome,EMP-0156,True
3649f585-6e75-4e7a-9abb-b78f1585665d,DEV-0273,Laptop,Windows,Firefox,EMP-0156,True
0c941263-190a-40d6-9ea9-f25945c86249,DEV-0274,Laptop,Windows,Chrome,EMP-0157,True
46a3110a-9813-4b31-ad38-9d1f6716d461,DEV-0275,Desktop,Windows,Chrome,EMP-0158,True
3fbacf5f-a576-4b48-8cc4-6000ae608948,DEV-0276,Laptop,Windows,Chrome,EMP-0158,True
8839c8e4-10db-4fdc-bd1f-d7c0442441ec,DEV-0277,Laptop,Windows,Chrome,EMP-0159,True
649423aa-6454-46be-a791-346cb7403274,DEV-0278,Laptop,Windows,Edge,EMP-0159,True
2bc8906f-34a9-4b86-bec3-91ef44ad2484,DEV-0279,Laptop,Windows,Firefox,EMP-0159,True
2f615360-1820-47f7-80cb-9caabbdfb574,DEV-0280,Laptop,Windows,Chrome,EMP-0160,True
da41a15f-4e29-49da-bd35-0d2a7a0cd56d,DEV-0281,Mobile,Android,Chrome,EMP-0160,True
74890e8c-e65d-4443-9508-21672ff5cdab,DEV-0282,Laptop,Linux,Chrome,EMP-0161,True
f9705e4b-2d71-4040-8554-e88b558492ba,DEV-0283,Laptop,Linux,Chrome,EMP-0161,True
5a2615f8-9810-48c1-827d-eb45da6415b5,DEV-0284,Laptop,Linux,Firefox,EMP-0161,True
0473b982-d1a5-49db-8b90-b03d1c00b895,DEV-0285,Laptop,Windows,Chrome,EMP-0162,True
c1472ff2-2ad4-4bba-80ce-350586780a98,DEV-0286,Laptop,macOS,Safari,EMP-0162,True
7d9c03c7-73de-4a56-95ee-f366bc76b752,DEV-0287,Laptop,Windows,Chrome,EMP-0162,True
d3e763d1-0378-4cb7-b570-b0ac5d4210d5,DEV-0288,Desktop,Windows,Chrome,EMP-0163,True
dd7902fc-db61-4a80-a9f7-c6d1c6475ae2,DEV-0289,Laptop,macOS,Safari,EMP-0163,True
25dccca2-054e-4210-a3c9-f400ba6c557c,DEV-0290,Laptop,Linux,Firefox,EMP-0164,True
07e95e6d-7f71-4ef6-9b71-17bd24421191,DEV-0291,Mobile,Android,Chrome,EMP-0164,True
16daa8f5-be8e-466f-b4d0-91d15c02f1da,DEV-0292,Laptop,Windows,Firefox,EMP-0164,True
8b7fa47e-adc5-4fc7-a07b-f99be08c82ea,DEV-0293,Desktop,Windows,Firefox,EMP-0165,True
594de8d7-add7-4b0f-a90b-365143eb4ff0,DEV-0294,Laptop,macOS,Safari,EMP-0166,True
46b821c7-fe73-4856-b1fc-fc366ad3cc40,DEV-0295,Mobile,Android,Chrome,EMP-0166,True
1f7a63af-9cc4-4ca3-958c-449e57e0d57b,DEV-0296,Laptop,Windows,Chrome,EMP-0166,True
02223c10-f82f-4dc3-9c35-730b49d52453,DEV-0297,Laptop,Windows,Edge,EMP-0167,True
8ee25180-9fb1-49a3-8a2f-2373f777c816,DEV-0298,Laptop,Linux,Chrome,EMP-0168,True
37a2a180-0a7b-46e7-b430-0ccc03fddd08,DEV-0299,Laptop,Linux,Firefox,EMP-0169,True
5a2d6aee-6e29-4319-814d-98294e4a516f,DEV-0300,Laptop,macOS,Chrome,EMP-0169,True
8082a0ee-dbe8-4d7a-8907-03e848841707,DEV-0301,Laptop,Windows,Chrome,EMP-0170,True
2484557f-454a-4e82-b694-15c7160452b7,DEV-0302,Laptop,Windows,Chrome,EMP-0170,True
eed4d005-7922-4d87-883a-1c2738071019,DEV-0303,Laptop,Windows,Chrome,EMP-0171,True
e7773701-f787-4461-a62c-4f006c2d1b96,DEV-0304,Laptop,macOS,Safari,EMP-0171,True
6f91a7be-905c-4fd9-ac5d-849c4f8c61b9,DEV-0305,Laptop,Windows,Chrome,EMP-0171,True
6a93716a-22bc-4104-8001-570a3312de73,DEV-0306,Laptop,macOS,Safari,EMP-0172,True
760e36aa-a0d9-40ba-ad57-a5c89110f698,DEV-0307,Laptop,Linux,Chrome,EMP-0172,True
b1b2b9c6-7120-421e-86cd-6214237befd1,DEV-0308,Laptop,macOS,Chrome,EMP-0173,True
776ffd03-6d7b-4a17-9aac-72b177e7ad81,DEV-0309,Laptop,macOS,Safari,EMP-0173,True
16a34833-6bc1-42ad-844b-04e8f51e2df3,DEV-0310,Laptop,Linux,Firefox,EMP-0174,True
9ef2a148-2095-45d5-9f84-3666831ffc00,DEV-0311,Laptop,Linux,Chrome,EMP-0175,True
203d54c9-6485-425e-9858-f464c15da547,DEV-0312,Laptop,macOS,Chrome,EMP-0175,True
15ac37f0-0de9-4283-96d5-aed275d106f2,DEV-0313,Laptop,macOS,Safari,EMP-0176,True
9826a55f-555f-4bf4-9b67-8ec1a65e883b,DEV-0314,Mobile,iOS,Safari,EMP-0176,True
95a97dd7-bd8f-426f-9f16-de170f94d562,DEV-0315,Laptop,Windows,Chrome,EMP-0177,True
f79f8fa9-bd8c-4f4f-8fe2-75b124e72383,DEV-0316,Laptop,Windows,Chrome,EMP-0178,True
279f5df0-da2d-4df9-a3c1-4a53acf96a12,DEV-0317,Mobile,iOS,Safari,EMP-0178,True
33611134-b012-40ab-9fa8-70407c260521,DEV-0318,Laptop,Windows,Chrome,EMP-0179,True
1a85fd69-344c-46cc-bf48-e5f018cc0e29,DEV-0319,Laptop,macOS,Chrome,EMP-0180,True
82f2a59e-2bb7-4146-bd9d-542aa84fa67f,SERVER-0001,Desktop,Linux,Chrome,SVC-0010,True
334a34a8-8bf3-49a3-b31a-dd22bdddbd36,DEV-AGENT-0001,Laptop,Linux,Chrome,DEV-AGENT-0001,True
4a1954ec-4a3f-4fda-baff-d9bd79e58450,DEV-AGENT-0002,Laptop,Linux,Chrome,DEV-AGENT-0002,True
96b93974-f587-43c5-999a-e3daaae39bc0,DEV-AGENT-0003,Laptop,Linux,Chrome,DEV-AGENT-0003,True
467248f6-aaee-4d68-9e09-f48e7e32e5d0,DEV-AGENT-0004,Laptop,Linux,Chrome,DEV-AGENT-0004,True
ccc34f70-b299-4e18-a2c5-26ab6424fa05,DEV-AGENT-0005,Laptop,Linux,Chrome,DEV-AGENT-0005,True
d0411dec-6ab9-4a0f-b6c6-533e1b7a5c94,DEV-AGENT-0006,Laptop,Linux,Chrome,DEV-AGENT-0006,True
488e5bd8-0729-45c7-a5ee-3dfd6cc1da4d,DEV-AGENT-0007,Laptop,Linux,Chrome,DEV-AGENT-0007,True
63b1a52e-9070-41b6-9ec0-9c3575035829,DEV-AGENT-0008,Laptop,Linux,Chrome,DEV-AGENT-0008,True
08b9b2e9-4d81-4859-949e-24ad02d22ee7,DEV-AGENT-0009,Laptop,Linux,Chrome,DEV-AGENT-0009,True
a83db2df-e4aa-412a-a682-13c7a525dcd0,DEV-AGENT-0010,Laptop,Linux,Chrome,DEV-AGENT-0010,True
